ISO-10303-21;
HEADER;
/* Generated by software containing ST-Developer
 * from STEP Tools, Inc. (www.steptools.com) 
 */
/* OPTION: using custom renumber hook */

FILE_DESCRIPTION(
/* description */ ('STEP AP214'),
/* implementation_level */ '2;1');

FILE_NAME(
/* name */ 'OOH941  Multi-Crit. Fire Det. (0)',
/* time_stamp */ '2026-09-14T18:45:33+02:00',
/* author */ ('License CC BY-ND 4.0'),
/* organization */ ('CADENAS'),
/* preprocessor_version */ 'ST-DEVELOPER v20',
/* originating_system */ 'PARTsolutions',
/* authorisation */ '  ');

FILE_SCHEMA (('AUTOMOTIVE_DESIGN {1 0 10303 214 3 1 1}'));
ENDSEC;

DATA;
#10=PROPERTY_DEFINITION_REPRESENTATION(#14,#12);
#11=PROPERTY_DEFINITION_REPRESENTATION(#15,#13);
#12=REPRESENTATION('',(#16),#2601);
#13=REPRESENTATION('',(#17),#2601);
#14=PROPERTY_DEFINITION('pmi validation property','',#2606);
#15=PROPERTY_DEFINITION('pmi validation property','',#2606);
#16=VALUE_REPRESENTATION_ITEM('number of annotations',COUNT_MEASURE(0.));
#17=VALUE_REPRESENTATION_ITEM('number of views',COUNT_MEASURE(0.));
#18=SHAPE_REPRESENTATION_RELATIONSHIP('','',#1694,#19);
#19=ADVANCED_BREP_SHAPE_REPRESENTATION('',(#1692),#2601);
#20=LINE('',#2269,#124);
#21=LINE('',#2272,#125);
#22=LINE('',#2273,#126);
#23=LINE('',#2275,#127);
#24=LINE('',#2277,#128);
#25=LINE('',#2278,#129);
#26=LINE('',#2280,#130);
#27=LINE('',#2282,#131);
#28=LINE('',#2283,#132);
#29=LINE('',#2285,#133);
#30=LINE('',#2287,#134);
#31=LINE('',#2288,#135);
#32=LINE('',#2290,#136);
#33=LINE('',#2292,#137);
#34=LINE('',#2293,#138);
#35=LINE('',#2295,#139);
#36=LINE('',#2297,#140);
#37=LINE('',#2298,#141);
#38=LINE('',#2300,#142);
#39=LINE('',#2302,#143);
#40=LINE('',#2303,#144);
#41=LINE('',#2305,#145);
#42=LINE('',#2307,#146);
#43=LINE('',#2308,#147);
#44=LINE('',#2444,#148);
#45=LINE('',#2446,#149);
#46=LINE('',#2448,#150);
#47=LINE('',#2449,#151);
#48=LINE('',#2451,#152);
#49=LINE('',#2453,#153);
#50=LINE('',#2454,#154);
#51=LINE('',#2456,#155);
#52=LINE('',#2458,#156);
#53=LINE('',#2459,#157);
#54=LINE('',#2461,#158);
#55=LINE('',#2463,#159);
#56=LINE('',#2464,#160);
#57=LINE('',#2466,#161);
#58=LINE('',#2468,#162);
#59=LINE('',#2469,#163);
#60=LINE('',#2471,#164);
#61=LINE('',#2473,#165);
#62=LINE('',#2474,#166);
#63=LINE('',#2476,#167);
#64=LINE('',#2478,#168);
#65=LINE('',#2479,#169);
#66=LINE('',#2481,#170);
#67=LINE('',#2483,#171);
#68=LINE('',#2489,#172);
#69=LINE('',#2491,#173);
#70=LINE('',#2493,#174);
#71=LINE('',#2495,#175);
#72=LINE('',#2496,#176);
#73=LINE('',#2498,#177);
#74=LINE('',#2500,#178);
#75=LINE('',#2503,#179);
#76=LINE('',#2505,#180);
#77=LINE('',#2507,#181);
#78=LINE('',#2509,#182);
#79=LINE('',#2510,#183);
#80=LINE('',#2512,#184);
#81=LINE('',#2514,#185);
#82=LINE('',#2517,#186);
#83=LINE('',#2519,#187);
#84=LINE('',#2521,#188);
#85=LINE('',#2523,#189);
#86=LINE('',#2524,#190);
#87=LINE('',#2526,#191);
#88=LINE('',#2528,#192);
#89=LINE('',#2531,#193);
#90=LINE('',#2533,#194);
#91=LINE('',#2535,#195);
#92=LINE('',#2537,#196);
#93=LINE('',#2538,#197);
#94=LINE('',#2540,#198);
#95=LINE('',#2542,#199);
#96=LINE('',#2545,#200);
#97=LINE('',#2547,#201);
#98=LINE('',#2549,#202);
#99=LINE('',#2551,#203);
#100=LINE('',#2552,#204);
#101=LINE('',#2554,#205);
#102=LINE('',#2556,#206);
#103=LINE('',#2559,#207);
#104=LINE('',#2561,#208);
#105=LINE('',#2563,#209);
#106=LINE('',#2565,#210);
#107=LINE('',#2566,#211);
#108=LINE('',#2568,#212);
#109=LINE('',#2570,#213);
#110=LINE('',#2573,#214);
#111=LINE('',#2575,#215);
#112=LINE('',#2577,#216);
#113=LINE('',#2579,#217);
#114=LINE('',#2580,#218);
#115=LINE('',#2582,#219);
#116=LINE('',#2584,#220);
#117=LINE('',#2587,#221);
#118=LINE('',#2589,#222);
#119=LINE('',#2591,#223);
#120=LINE('',#2593,#224);
#121=LINE('',#2594,#225);
#122=LINE('',#2596,#226);
#123=LINE('',#2598,#227);
#124=VECTOR('',#1851,1000.);
#125=VECTOR('',#1852,1000.);
#126=VECTOR('',#1853,1000.);
#127=VECTOR('',#1854,1000.);
#128=VECTOR('',#1855,1000.);
#129=VECTOR('',#1856,1000.);
#130=VECTOR('',#1857,1000.);
#131=VECTOR('',#1858,1000.);
#132=VECTOR('',#1859,1000.);
#133=VECTOR('',#1860,1000.);
#134=VECTOR('',#1861,1000.);
#135=VECTOR('',#1862,1000.);
#136=VECTOR('',#1863,1000.);
#137=VECTOR('',#1864,1000.);
#138=VECTOR('',#1865,1000.);
#139=VECTOR('',#1866,1000.);
#140=VECTOR('',#1867,1000.);
#141=VECTOR('',#1868,1000.);
#142=VECTOR('',#1869,1000.);
#143=VECTOR('',#1870,1000.);
#144=VECTOR('',#1871,1000.);
#145=VECTOR('',#1872,1000.);
#146=VECTOR('',#1873,1000.);
#147=VECTOR('',#1874,1000.);
#148=VECTOR('',#1939,1000.);
#149=VECTOR('',#1940,1000.);
#150=VECTOR('',#1941,1000.);
#151=VECTOR('',#1942,1000.);
#152=VECTOR('',#1943,1000.);
#153=VECTOR('',#1944,1000.);
#154=VECTOR('',#1945,1000.);
#155=VECTOR('',#1946,1000.);
#156=VECTOR('',#1947,1000.);
#157=VECTOR('',#1948,1000.);
#158=VECTOR('',#1949,1000.);
#159=VECTOR('',#1950,1000.);
#160=VECTOR('',#1951,1000.);
#161=VECTOR('',#1952,1000.);
#162=VECTOR('',#1953,1000.);
#163=VECTOR('',#1954,1000.);
#164=VECTOR('',#1955,1000.);
#165=VECTOR('',#1956,1000.);
#166=VECTOR('',#1957,1000.);
#167=VECTOR('',#1958,1000.);
#168=VECTOR('',#1959,1000.);
#169=VECTOR('',#1960,1000.);
#170=VECTOR('',#1961,1000.);
#171=VECTOR('',#1962,1000.);
#172=VECTOR('',#1971,1000.);
#173=VECTOR('',#1972,1000.);
#174=VECTOR('',#1973,1000.);
#175=VECTOR('',#1976,1000.);
#176=VECTOR('',#1977,1000.);
#177=VECTOR('',#1980,1000.);
#178=VECTOR('',#1983,1000.);
#179=VECTOR('',#1988,1000.);
#180=VECTOR('',#1989,1000.);
#181=VECTOR('',#1990,1000.);
#182=VECTOR('',#1993,1000.);
#183=VECTOR('',#1994,1000.);
#184=VECTOR('',#1997,1000.);
#185=VECTOR('',#2000,1000.);
#186=VECTOR('',#2005,1000.);
#187=VECTOR('',#2006,1000.);
#188=VECTOR('',#2007,1000.);
#189=VECTOR('',#2010,1000.);
#190=VECTOR('',#2011,1000.);
#191=VECTOR('',#2014,1000.);
#192=VECTOR('',#2017,1000.);
#193=VECTOR('',#2022,1000.);
#194=VECTOR('',#2023,1000.);
#195=VECTOR('',#2024,1000.);
#196=VECTOR('',#2027,1000.);
#197=VECTOR('',#2028,1000.);
#198=VECTOR('',#2031,1000.);
#199=VECTOR('',#2034,1000.);
#200=VECTOR('',#2039,1000.);
#201=VECTOR('',#2040,1000.);
#202=VECTOR('',#2041,1000.);
#203=VECTOR('',#2044,1000.);
#204=VECTOR('',#2045,1000.);
#205=VECTOR('',#2048,1000.);
#206=VECTOR('',#2051,1000.);
#207=VECTOR('',#2056,1000.);
#208=VECTOR('',#2057,1000.);
#209=VECTOR('',#2058,1000.);
#210=VECTOR('',#2061,1000.);
#211=VECTOR('',#2062,1000.);
#212=VECTOR('',#2065,1000.);
#213=VECTOR('',#2068,1000.);
#214=VECTOR('',#2073,1000.);
#215=VECTOR('',#2074,1000.);
#216=VECTOR('',#2075,1000.);
#217=VECTOR('',#2078,1000.);
#218=VECTOR('',#2079,1000.);
#219=VECTOR('',#2082,1000.);
#220=VECTOR('',#2085,1000.);
#221=VECTOR('',#2090,1000.);
#222=VECTOR('',#2091,1000.);
#223=VECTOR('',#2092,1000.);
#224=VECTOR('',#2095,1000.);
#225=VECTOR('',#2096,1000.);
#226=VECTOR('',#2099,1000.);
#227=VECTOR('',#2102,1000.);
#228=B_SPLINE_CURVE_WITH_KNOTS('',3,(#2135,#2136,#2137,#2138),
 .UNSPECIFIED.,.F.,.F.,(4,4),(0.0156046472163019,0.0185670452135088),
 .UNSPECIFIED.);
#229=B_SPLINE_CURVE_WITH_KNOTS('',3,(#2140,#2141,#2142,#2143),
 .UNSPECIFIED.,.F.,.F.,(4,4),(2.00195588907686E-7,0.00200137845337856),
 .UNSPECIFIED.);
#230=B_SPLINE_CURVE_WITH_KNOTS('',3,(#2145,#2146,#2147,#2148),
 .UNSPECIFIED.,.F.,.F.,(4,4),(0.0154369783151509,0.0185946701611754),
 .UNSPECIFIED.);
#231=B_SPLINE_CURVE_WITH_KNOTS('',3,(#2152,#2153,#2154,#2155),
 .UNSPECIFIED.,.F.,.F.,(4,4),(0.0154369784934559,0.0185946703394804),
 .UNSPECIFIED.);
#232=B_SPLINE_CURVE_WITH_KNOTS('',3,(#2157,#2158,#2159,#2160),
 .UNSPECIFIED.,.F.,.F.,(4,4),(2.00039678449644E-7,0.0020013782974681),
 .UNSPECIFIED.);
#233=B_SPLINE_CURVE_WITH_KNOTS('',3,(#2162,#2163,#2164,#2165),
 .UNSPECIFIED.,.F.,.F.,(4,4),(0.0156046473947715,0.0185670453919784),
 .UNSPECIFIED.);
#234=B_SPLINE_CURVE_WITH_KNOTS('',3,(#2169,#2170,#2171,#2172),
 .UNSPECIFIED.,.F.,.F.,(4,4),(0.0156046472163019,0.0185670452135088),
 .UNSPECIFIED.);
#235=B_SPLINE_CURVE_WITH_KNOTS('',3,(#2174,#2175,#2176,#2177),
 .UNSPECIFIED.,.F.,.F.,(4,4),(2.00195588907686E-7,0.00200137845337856),
 .UNSPECIFIED.);
#236=B_SPLINE_CURVE_WITH_KNOTS('',3,(#2179,#2180,#2181,#2182),
 .UNSPECIFIED.,.F.,.F.,(4,4),(0.0154369783151509,0.0185946701611754),
 .UNSPECIFIED.);
#237=B_SPLINE_CURVE_WITH_KNOTS('',3,(#2186,#2187,#2188,#2189),
 .UNSPECIFIED.,.F.,.F.,(4,4),(0.0154371125352741,0.0185946480557964),
 .UNSPECIFIED.);
#238=B_SPLINE_CURVE_WITH_KNOTS('',3,(#2191,#2192,#2193,#2194),
 .UNSPECIFIED.,.F.,.F.,(4,4),(2.00039615305968E-7,0.00200137736221684),
 .UNSPECIFIED.);
#239=B_SPLINE_CURVE_WITH_KNOTS('',3,(#2196,#2197,#2198,#2199),
 .UNSPECIFIED.,.F.,.F.,(4,4),(0.0156047142121698,0.0185670341715602),
 .UNSPECIFIED.);
#240=B_SPLINE_CURVE_WITH_KNOTS('',3,(#2203,#2204,#2205,#2206),
 .UNSPECIFIED.,.F.,.F.,(4,4),(0.0156046472163019,0.0185670452135088),
 .UNSPECIFIED.);
#241=B_SPLINE_CURVE_WITH_KNOTS('',3,(#2208,#2209,#2210,#2211),
 .UNSPECIFIED.,.F.,.F.,(4,4),(2.00195588907686E-7,0.00200137845337856),
 .UNSPECIFIED.);
#242=B_SPLINE_CURVE_WITH_KNOTS('',3,(#2213,#2214,#2215,#2216),
 .UNSPECIFIED.,.F.,.F.,(4,4),(0.0154369783151509,0.0185946701611754),
 .UNSPECIFIED.);
#243=B_SPLINE_CURVE_WITH_KNOTS('',3,(#2220,#2221,#2222,#2223),
 .UNSPECIFIED.,.F.,.F.,(4,4),(0.0154371125352741,0.0185946480557964),
 .UNSPECIFIED.);
#244=B_SPLINE_CURVE_WITH_KNOTS('',3,(#2225,#2226,#2227,#2228),
 .UNSPECIFIED.,.F.,.F.,(4,4),(2.00039615305968E-7,0.00200137736221684),
 .UNSPECIFIED.);
#245=B_SPLINE_CURVE_WITH_KNOTS('',3,(#2230,#2231,#2232,#2233),
 .UNSPECIFIED.,.F.,.F.,(4,4),(0.0156047142121698,0.0185670341715602),
 .UNSPECIFIED.);
#246=B_SPLINE_CURVE_WITH_KNOTS('',3,(#2237,#2238,#2239,#2240),
 .UNSPECIFIED.,.F.,.F.,(4,4),(0.0156046472163019,0.0185670452135088),
 .UNSPECIFIED.);
#247=B_SPLINE_CURVE_WITH_KNOTS('',3,(#2242,#2243,#2244,#2245),
 .UNSPECIFIED.,.F.,.F.,(4,4),(2.00195588907686E-7,0.00200137845337856),
 .UNSPECIFIED.);
#248=B_SPLINE_CURVE_WITH_KNOTS('',3,(#2247,#2248,#2249,#2250),
 .UNSPECIFIED.,.F.,.F.,(4,4),(0.0154369783151509,0.0185946701611754),
 .UNSPECIFIED.);
#249=B_SPLINE_CURVE_WITH_KNOTS('',3,(#2254,#2255,#2256,#2257),
 .UNSPECIFIED.,.F.,.F.,(4,4),(0.0154371125352741,0.0185946480557964),
 .UNSPECIFIED.);
#250=B_SPLINE_CURVE_WITH_KNOTS('',3,(#2259,#2260,#2261,#2262),
 .UNSPECIFIED.,.F.,.F.,(4,4),(2.00039615305968E-7,0.00200137736221684),
 .UNSPECIFIED.);
#251=B_SPLINE_CURVE_WITH_KNOTS('',3,(#2264,#2265,#2266,#2267),
 .UNSPECIFIED.,.F.,.F.,(4,4),(0.0156047142121698,0.0185670341715602),
 .UNSPECIFIED.);
#252=B_SPLINE_CURVE_WITH_KNOTS('',3,(#2334,#2335,#2336,#2337),
 .UNSPECIFIED.,.F.,.F.,(4,4),(0.00337731183172032,0.00347467587484963),
 .UNSPECIFIED.);
#253=B_SPLINE_CURVE_WITH_KNOTS('',3,(#2341,#2342,#2343,#2344),
 .UNSPECIFIED.,.F.,.F.,(4,4),(0.00337730763124031,0.00347467156248419),
 .UNSPECIFIED.);
#254=B_SPLINE_CURVE_WITH_KNOTS('',3,(#2348,#2349,#2350,#2351),
 .UNSPECIFIED.,.F.,.F.,(4,4),(0.00338789758055697,0.00348554340324213),
 .UNSPECIFIED.);
#255=B_SPLINE_CURVE_WITH_KNOTS('',3,(#2355,#2356,#2357,#2358),
 .UNSPECIFIED.,.F.,.F.,(4,4),(0.00338790612721334,0.00348555217724975),
 .UNSPECIFIED.);
#256=B_SPLINE_CURVE_WITH_KNOTS('',3,(#2362,#2363,#2364,#2365),
 .UNSPECIFIED.,.F.,.F.,(4,4),(0.00337731183172033,0.00347467587484964),
 .UNSPECIFIED.);
#257=B_SPLINE_CURVE_WITH_KNOTS('',3,(#2369,#2370,#2371,#2372),
 .UNSPECIFIED.,.F.,.F.,(4,4),(0.00337730763124031,0.00347467156248419),
 .UNSPECIFIED.);
#258=B_SPLINE_CURVE_WITH_KNOTS('',3,(#2376,#2377,#2378,#2379),
 .UNSPECIFIED.,.F.,.F.,(4,4),(0.00338789758055696,0.00348554340324212),
 .UNSPECIFIED.);
#259=B_SPLINE_CURVE_WITH_KNOTS('',3,(#2383,#2384,#2385,#2386),
 .UNSPECIFIED.,.F.,.F.,(4,4),(0.00338790612721334,0.00348555217724975),
 .UNSPECIFIED.);
#260=B_SPLINE_CURVE_WITH_KNOTS('',3,(#2390,#2391,#2392,#2393),
 .UNSPECIFIED.,.F.,.F.,(4,4),(0.00337731183172033,0.00347467587484964),
 .UNSPECIFIED.);
#261=B_SPLINE_CURVE_WITH_KNOTS('',3,(#2397,#2398,#2399,#2400),
 .UNSPECIFIED.,.F.,.F.,(4,4),(0.00337730763124031,0.00347467156248419),
 .UNSPECIFIED.);
#262=B_SPLINE_CURVE_WITH_KNOTS('',3,(#2404,#2405,#2406,#2407),
 .UNSPECIFIED.,.F.,.F.,(4,4),(0.00338789758055696,0.00348554340324212),
 .UNSPECIFIED.);
#263=B_SPLINE_CURVE_WITH_KNOTS('',3,(#2411,#2412,#2413,#2414),
 .UNSPECIFIED.,.F.,.F.,(4,4),(0.00338790612721334,0.00348555217724975),
 .UNSPECIFIED.);
#264=B_SPLINE_CURVE_WITH_KNOTS('',3,(#2418,#2419,#2420,#2421),
 .UNSPECIFIED.,.F.,.F.,(4,4),(0.00337731183172032,0.00347467587484963),
 .UNSPECIFIED.);
#265=B_SPLINE_CURVE_WITH_KNOTS('',3,(#2425,#2426,#2427,#2428),
 .UNSPECIFIED.,.F.,.F.,(4,4),(0.00337731183172033,0.00347467587484964),
 .UNSPECIFIED.);
#266=B_SPLINE_CURVE_WITH_KNOTS('',3,(#2432,#2433,#2434,#2435),
 .UNSPECIFIED.,.F.,.F.,(4,4),(0.00338790612721333,0.00348555217724975),
 .UNSPECIFIED.);
#267=B_SPLINE_CURVE_WITH_KNOTS('',3,(#2439,#2440,#2441,#2442),
 .UNSPECIFIED.,.F.,.F.,(4,4),(0.00338790612721334,0.00348555217724975),
 .UNSPECIFIED.);
#268=PLANE('',#1702);
#269=PLANE('',#1721);
#270=PLANE('',#1724);
#271=PLANE('',#1728);
#272=PLANE('',#1729);
#273=PLANE('',#1753);
#274=PLANE('',#1756);
#275=PLANE('',#1757);
#276=PLANE('',#1758);
#277=PLANE('',#1759);
#278=PLANE('',#1760);
#279=PLANE('',#1761);
#280=PLANE('',#1762);
#281=PLANE('',#1763);
#282=PLANE('',#1764);
#283=PLANE('',#1765);
#284=PLANE('',#1766);
#285=PLANE('',#1767);
#286=PLANE('',#1768);
#287=PLANE('',#1769);
#288=PLANE('',#1770);
#289=PLANE('',#1771);
#290=PLANE('',#1772);
#291=PLANE('',#1773);
#292=PLANE('',#1774);
#293=PLANE('',#1775);
#294=PLANE('',#1776);
#295=PLANE('',#1777);
#296=PLANE('',#1778);
#297=PLANE('',#1779);
#298=PLANE('',#1780);
#299=PLANE('',#1781);
#300=PLANE('',#1782);
#301=PLANE('',#1783);
#302=PLANE('',#1784);
#303=PLANE('',#1785);
#304=PLANE('',#1786);
#305=PLANE('',#1787);
#306=PLANE('',#1788);
#307=PLANE('',#1789);
#308=PLANE('',#1790);
#309=PLANE('',#1791);
#310=PLANE('',#1792);
#311=PLANE('',#1793);
#312=PLANE('',#1794);
#313=PLANE('',#1795);
#314=PLANE('',#1796);
#315=CYLINDRICAL_SURFACE('',#1699,52.);
#316=CYLINDRICAL_SURFACE('',#1722,50.);
#317=CYLINDRICAL_SURFACE('',#1726,7.);
#318=CYLINDRICAL_SURFACE('',#1754,1.);
#319=ORIENTED_EDGE('',*,*,#689,.T.);
#320=ORIENTED_EDGE('',*,*,#690,.F.);
#321=ORIENTED_EDGE('',*,*,#691,.F.);
#322=ORIENTED_EDGE('',*,*,#692,.T.);
#323=ORIENTED_EDGE('',*,*,#693,.F.);
#324=ORIENTED_EDGE('',*,*,#691,.T.);
#325=ORIENTED_EDGE('',*,*,#693,.T.);
#326=ORIENTED_EDGE('',*,*,#694,.F.);
#327=ORIENTED_EDGE('',*,*,#692,.F.);
#328=ORIENTED_EDGE('',*,*,#695,.T.);
#329=ORIENTED_EDGE('',*,*,#696,.F.);
#330=ORIENTED_EDGE('',*,*,#694,.T.);
#331=ORIENTED_EDGE('',*,*,#697,.F.);
#332=ORIENTED_EDGE('',*,*,#696,.T.);
#333=ORIENTED_EDGE('',*,*,#698,.F.);
#334=ORIENTED_EDGE('',*,*,#699,.T.);
#335=ORIENTED_EDGE('',*,*,#700,.F.);
#336=ORIENTED_EDGE('',*,*,#701,.F.);
#337=ORIENTED_EDGE('',*,*,#702,.F.);
#338=ORIENTED_EDGE('',*,*,#703,.T.);
#339=ORIENTED_EDGE('',*,*,#704,.F.);
#340=ORIENTED_EDGE('',*,*,#705,.F.);
#341=ORIENTED_EDGE('',*,*,#706,.F.);
#342=ORIENTED_EDGE('',*,*,#707,.T.);
#343=ORIENTED_EDGE('',*,*,#708,.F.);
#344=ORIENTED_EDGE('',*,*,#709,.F.);
#345=ORIENTED_EDGE('',*,*,#710,.F.);
#346=ORIENTED_EDGE('',*,*,#711,.T.);
#347=ORIENTED_EDGE('',*,*,#712,.F.);
#348=ORIENTED_EDGE('',*,*,#713,.F.);
#349=ORIENTED_EDGE('',*,*,#714,.F.);
#350=ORIENTED_EDGE('',*,*,#715,.T.);
#351=ORIENTED_EDGE('',*,*,#716,.F.);
#352=ORIENTED_EDGE('',*,*,#717,.F.);
#353=ORIENTED_EDGE('',*,*,#718,.F.);
#354=ORIENTED_EDGE('',*,*,#719,.T.);
#355=ORIENTED_EDGE('',*,*,#720,.F.);
#356=ORIENTED_EDGE('',*,*,#721,.F.);
#357=ORIENTED_EDGE('',*,*,#722,.F.);
#358=ORIENTED_EDGE('',*,*,#723,.T.);
#359=ORIENTED_EDGE('',*,*,#724,.F.);
#360=ORIENTED_EDGE('',*,*,#725,.F.);
#361=ORIENTED_EDGE('',*,*,#726,.F.);
#362=ORIENTED_EDGE('',*,*,#727,.T.);
#363=ORIENTED_EDGE('',*,*,#728,.F.);
#364=ORIENTED_EDGE('',*,*,#729,.F.);
#365=ORIENTED_EDGE('',*,*,#697,.T.);
#366=ORIENTED_EDGE('',*,*,#689,.F.);
#367=ORIENTED_EDGE('',*,*,#730,.F.);
#368=ORIENTED_EDGE('',*,*,#731,.T.);
#369=ORIENTED_EDGE('',*,*,#698,.T.);
#370=ORIENTED_EDGE('',*,*,#732,.F.);
#371=ORIENTED_EDGE('',*,*,#733,.F.);
#372=ORIENTED_EDGE('',*,*,#734,.T.);
#373=ORIENTED_EDGE('',*,*,#726,.T.);
#374=ORIENTED_EDGE('',*,*,#735,.F.);
#375=ORIENTED_EDGE('',*,*,#736,.F.);
#376=ORIENTED_EDGE('',*,*,#737,.T.);
#377=ORIENTED_EDGE('',*,*,#722,.T.);
#378=ORIENTED_EDGE('',*,*,#738,.F.);
#379=ORIENTED_EDGE('',*,*,#739,.F.);
#380=ORIENTED_EDGE('',*,*,#740,.T.);
#381=ORIENTED_EDGE('',*,*,#718,.T.);
#382=ORIENTED_EDGE('',*,*,#741,.F.);
#383=ORIENTED_EDGE('',*,*,#742,.F.);
#384=ORIENTED_EDGE('',*,*,#743,.T.);
#385=ORIENTED_EDGE('',*,*,#714,.T.);
#386=ORIENTED_EDGE('',*,*,#744,.F.);
#387=ORIENTED_EDGE('',*,*,#745,.F.);
#388=ORIENTED_EDGE('',*,*,#746,.T.);
#389=ORIENTED_EDGE('',*,*,#710,.T.);
#390=ORIENTED_EDGE('',*,*,#747,.F.);
#391=ORIENTED_EDGE('',*,*,#748,.F.);
#392=ORIENTED_EDGE('',*,*,#749,.T.);
#393=ORIENTED_EDGE('',*,*,#706,.T.);
#394=ORIENTED_EDGE('',*,*,#750,.F.);
#395=ORIENTED_EDGE('',*,*,#751,.F.);
#396=ORIENTED_EDGE('',*,*,#752,.T.);
#397=ORIENTED_EDGE('',*,*,#702,.T.);
#398=ORIENTED_EDGE('',*,*,#753,.F.);
#399=ORIENTED_EDGE('',*,*,#695,.F.);
#400=ORIENTED_EDGE('',*,*,#754,.T.);
#401=ORIENTED_EDGE('',*,*,#755,.F.);
#402=ORIENTED_EDGE('',*,*,#754,.F.);
#403=ORIENTED_EDGE('',*,*,#755,.T.);
#404=ORIENTED_EDGE('',*,*,#756,.T.);
#405=ORIENTED_EDGE('',*,*,#756,.F.);
#406=ORIENTED_EDGE('',*,*,#757,.F.);
#407=ORIENTED_EDGE('',*,*,#758,.F.);
#408=ORIENTED_EDGE('',*,*,#759,.F.);
#409=ORIENTED_EDGE('',*,*,#758,.T.);
#410=ORIENTED_EDGE('',*,*,#760,.F.);
#411=ORIENTED_EDGE('',*,*,#759,.T.);
#412=ORIENTED_EDGE('',*,*,#761,.F.);
#413=ORIENTED_EDGE('',*,*,#762,.T.);
#414=ORIENTED_EDGE('',*,*,#763,.F.);
#415=ORIENTED_EDGE('',*,*,#764,.F.);
#416=ORIENTED_EDGE('',*,*,#765,.F.);
#417=ORIENTED_EDGE('',*,*,#766,.T.);
#418=ORIENTED_EDGE('',*,*,#767,.F.);
#419=ORIENTED_EDGE('',*,*,#768,.F.);
#420=ORIENTED_EDGE('',*,*,#769,.F.);
#421=ORIENTED_EDGE('',*,*,#770,.T.);
#422=ORIENTED_EDGE('',*,*,#771,.F.);
#423=ORIENTED_EDGE('',*,*,#772,.F.);
#424=ORIENTED_EDGE('',*,*,#773,.F.);
#425=ORIENTED_EDGE('',*,*,#774,.T.);
#426=ORIENTED_EDGE('',*,*,#775,.F.);
#427=ORIENTED_EDGE('',*,*,#776,.F.);
#428=ORIENTED_EDGE('',*,*,#777,.F.);
#429=ORIENTED_EDGE('',*,*,#778,.T.);
#430=ORIENTED_EDGE('',*,*,#779,.F.);
#431=ORIENTED_EDGE('',*,*,#780,.F.);
#432=ORIENTED_EDGE('',*,*,#781,.F.);
#433=ORIENTED_EDGE('',*,*,#782,.T.);
#434=ORIENTED_EDGE('',*,*,#783,.F.);
#435=ORIENTED_EDGE('',*,*,#784,.F.);
#436=ORIENTED_EDGE('',*,*,#785,.F.);
#437=ORIENTED_EDGE('',*,*,#786,.T.);
#438=ORIENTED_EDGE('',*,*,#787,.F.);
#439=ORIENTED_EDGE('',*,*,#788,.F.);
#440=ORIENTED_EDGE('',*,*,#789,.F.);
#441=ORIENTED_EDGE('',*,*,#790,.T.);
#442=ORIENTED_EDGE('',*,*,#791,.F.);
#443=ORIENTED_EDGE('',*,*,#792,.F.);
#444=ORIENTED_EDGE('',*,*,#760,.T.);
#445=ORIENTED_EDGE('',*,*,#690,.T.);
#446=ORIENTED_EDGE('',*,*,#763,.T.);
#447=ORIENTED_EDGE('',*,*,#793,.T.);
#448=ORIENTED_EDGE('',*,*,#794,.F.);
#449=ORIENTED_EDGE('',*,*,#795,.F.);
#450=ORIENTED_EDGE('',*,*,#791,.T.);
#451=ORIENTED_EDGE('',*,*,#796,.T.);
#452=ORIENTED_EDGE('',*,*,#797,.F.);
#453=ORIENTED_EDGE('',*,*,#798,.F.);
#454=ORIENTED_EDGE('',*,*,#787,.T.);
#455=ORIENTED_EDGE('',*,*,#799,.T.);
#456=ORIENTED_EDGE('',*,*,#800,.F.);
#457=ORIENTED_EDGE('',*,*,#801,.F.);
#458=ORIENTED_EDGE('',*,*,#783,.T.);
#459=ORIENTED_EDGE('',*,*,#802,.T.);
#460=ORIENTED_EDGE('',*,*,#803,.F.);
#461=ORIENTED_EDGE('',*,*,#804,.F.);
#462=ORIENTED_EDGE('',*,*,#779,.T.);
#463=ORIENTED_EDGE('',*,*,#805,.T.);
#464=ORIENTED_EDGE('',*,*,#806,.F.);
#465=ORIENTED_EDGE('',*,*,#807,.F.);
#466=ORIENTED_EDGE('',*,*,#775,.T.);
#467=ORIENTED_EDGE('',*,*,#808,.T.);
#468=ORIENTED_EDGE('',*,*,#809,.F.);
#469=ORIENTED_EDGE('',*,*,#810,.F.);
#470=ORIENTED_EDGE('',*,*,#771,.T.);
#471=ORIENTED_EDGE('',*,*,#811,.T.);
#472=ORIENTED_EDGE('',*,*,#812,.F.);
#473=ORIENTED_EDGE('',*,*,#813,.F.);
#474=ORIENTED_EDGE('',*,*,#767,.T.);
#475=ORIENTED_EDGE('',*,*,#814,.T.);
#476=ORIENTED_EDGE('',*,*,#815,.F.);
#477=ORIENTED_EDGE('',*,*,#816,.F.);
#478=ORIENTED_EDGE('',*,*,#817,.F.);
#479=ORIENTED_EDGE('',*,*,#757,.T.);
#480=ORIENTED_EDGE('',*,*,#817,.T.);
#481=ORIENTED_EDGE('',*,*,#818,.T.);
#482=ORIENTED_EDGE('',*,*,#704,.T.);
#483=ORIENTED_EDGE('',*,*,#819,.F.);
#484=ORIENTED_EDGE('',*,*,#820,.T.);
#485=ORIENTED_EDGE('',*,*,#821,.F.);
#486=ORIENTED_EDGE('',*,*,#751,.T.);
#487=ORIENTED_EDGE('',*,*,#822,.T.);
#488=ORIENTED_EDGE('',*,*,#797,.T.);
#489=ORIENTED_EDGE('',*,*,#703,.F.);
#490=ORIENTED_EDGE('',*,*,#752,.F.);
#491=ORIENTED_EDGE('',*,*,#821,.T.);
#492=ORIENTED_EDGE('',*,*,#796,.F.);
#493=ORIENTED_EDGE('',*,*,#790,.F.);
#494=ORIENTED_EDGE('',*,*,#823,.T.);
#495=ORIENTED_EDGE('',*,*,#819,.T.);
#496=ORIENTED_EDGE('',*,*,#750,.T.);
#497=ORIENTED_EDGE('',*,*,#705,.T.);
#498=ORIENTED_EDGE('',*,*,#818,.F.);
#499=ORIENTED_EDGE('',*,*,#824,.F.);
#500=ORIENTED_EDGE('',*,*,#788,.T.);
#501=ORIENTED_EDGE('',*,*,#798,.T.);
#502=ORIENTED_EDGE('',*,*,#822,.F.);
#503=ORIENTED_EDGE('',*,*,#823,.F.);
#504=ORIENTED_EDGE('',*,*,#789,.T.);
#505=ORIENTED_EDGE('',*,*,#824,.T.);
#506=ORIENTED_EDGE('',*,*,#820,.F.);
#507=ORIENTED_EDGE('',*,*,#825,.T.);
#508=ORIENTED_EDGE('',*,*,#712,.T.);
#509=ORIENTED_EDGE('',*,*,#826,.F.);
#510=ORIENTED_EDGE('',*,*,#827,.T.);
#511=ORIENTED_EDGE('',*,*,#828,.F.);
#512=ORIENTED_EDGE('',*,*,#745,.T.);
#513=ORIENTED_EDGE('',*,*,#829,.T.);
#514=ORIENTED_EDGE('',*,*,#803,.T.);
#515=ORIENTED_EDGE('',*,*,#711,.F.);
#516=ORIENTED_EDGE('',*,*,#746,.F.);
#517=ORIENTED_EDGE('',*,*,#828,.T.);
#518=ORIENTED_EDGE('',*,*,#802,.F.);
#519=ORIENTED_EDGE('',*,*,#782,.F.);
#520=ORIENTED_EDGE('',*,*,#830,.T.);
#521=ORIENTED_EDGE('',*,*,#826,.T.);
#522=ORIENTED_EDGE('',*,*,#744,.T.);
#523=ORIENTED_EDGE('',*,*,#713,.T.);
#524=ORIENTED_EDGE('',*,*,#825,.F.);
#525=ORIENTED_EDGE('',*,*,#831,.F.);
#526=ORIENTED_EDGE('',*,*,#780,.T.);
#527=ORIENTED_EDGE('',*,*,#804,.T.);
#528=ORIENTED_EDGE('',*,*,#829,.F.);
#529=ORIENTED_EDGE('',*,*,#830,.F.);
#530=ORIENTED_EDGE('',*,*,#781,.T.);
#531=ORIENTED_EDGE('',*,*,#831,.T.);
#532=ORIENTED_EDGE('',*,*,#827,.F.);
#533=ORIENTED_EDGE('',*,*,#832,.T.);
#534=ORIENTED_EDGE('',*,*,#720,.T.);
#535=ORIENTED_EDGE('',*,*,#833,.F.);
#536=ORIENTED_EDGE('',*,*,#834,.T.);
#537=ORIENTED_EDGE('',*,*,#835,.F.);
#538=ORIENTED_EDGE('',*,*,#739,.T.);
#539=ORIENTED_EDGE('',*,*,#836,.T.);
#540=ORIENTED_EDGE('',*,*,#809,.T.);
#541=ORIENTED_EDGE('',*,*,#719,.F.);
#542=ORIENTED_EDGE('',*,*,#740,.F.);
#543=ORIENTED_EDGE('',*,*,#835,.T.);
#544=ORIENTED_EDGE('',*,*,#808,.F.);
#545=ORIENTED_EDGE('',*,*,#774,.F.);
#546=ORIENTED_EDGE('',*,*,#837,.T.);
#547=ORIENTED_EDGE('',*,*,#833,.T.);
#548=ORIENTED_EDGE('',*,*,#738,.T.);
#549=ORIENTED_EDGE('',*,*,#721,.T.);
#550=ORIENTED_EDGE('',*,*,#832,.F.);
#551=ORIENTED_EDGE('',*,*,#838,.F.);
#552=ORIENTED_EDGE('',*,*,#772,.T.);
#553=ORIENTED_EDGE('',*,*,#810,.T.);
#554=ORIENTED_EDGE('',*,*,#836,.F.);
#555=ORIENTED_EDGE('',*,*,#837,.F.);
#556=ORIENTED_EDGE('',*,*,#773,.T.);
#557=ORIENTED_EDGE('',*,*,#838,.T.);
#558=ORIENTED_EDGE('',*,*,#834,.F.);
#559=ORIENTED_EDGE('',*,*,#839,.T.);
#560=ORIENTED_EDGE('',*,*,#728,.T.);
#561=ORIENTED_EDGE('',*,*,#840,.F.);
#562=ORIENTED_EDGE('',*,*,#841,.T.);
#563=ORIENTED_EDGE('',*,*,#842,.F.);
#564=ORIENTED_EDGE('',*,*,#733,.T.);
#565=ORIENTED_EDGE('',*,*,#843,.T.);
#566=ORIENTED_EDGE('',*,*,#815,.T.);
#567=ORIENTED_EDGE('',*,*,#727,.F.);
#568=ORIENTED_EDGE('',*,*,#734,.F.);
#569=ORIENTED_EDGE('',*,*,#842,.T.);
#570=ORIENTED_EDGE('',*,*,#814,.F.);
#571=ORIENTED_EDGE('',*,*,#766,.F.);
#572=ORIENTED_EDGE('',*,*,#844,.T.);
#573=ORIENTED_EDGE('',*,*,#840,.T.);
#574=ORIENTED_EDGE('',*,*,#732,.T.);
#575=ORIENTED_EDGE('',*,*,#729,.T.);
#576=ORIENTED_EDGE('',*,*,#839,.F.);
#577=ORIENTED_EDGE('',*,*,#845,.F.);
#578=ORIENTED_EDGE('',*,*,#764,.T.);
#579=ORIENTED_EDGE('',*,*,#816,.T.);
#580=ORIENTED_EDGE('',*,*,#843,.F.);
#581=ORIENTED_EDGE('',*,*,#844,.F.);
#582=ORIENTED_EDGE('',*,*,#765,.T.);
#583=ORIENTED_EDGE('',*,*,#845,.T.);
#584=ORIENTED_EDGE('',*,*,#841,.F.);
#585=ORIENTED_EDGE('',*,*,#846,.T.);
#586=ORIENTED_EDGE('',*,*,#708,.T.);
#587=ORIENTED_EDGE('',*,*,#847,.F.);
#588=ORIENTED_EDGE('',*,*,#848,.T.);
#589=ORIENTED_EDGE('',*,*,#849,.F.);
#590=ORIENTED_EDGE('',*,*,#748,.T.);
#591=ORIENTED_EDGE('',*,*,#850,.T.);
#592=ORIENTED_EDGE('',*,*,#800,.T.);
#593=ORIENTED_EDGE('',*,*,#707,.F.);
#594=ORIENTED_EDGE('',*,*,#749,.F.);
#595=ORIENTED_EDGE('',*,*,#849,.T.);
#596=ORIENTED_EDGE('',*,*,#799,.F.);
#597=ORIENTED_EDGE('',*,*,#786,.F.);
#598=ORIENTED_EDGE('',*,*,#851,.T.);
#599=ORIENTED_EDGE('',*,*,#847,.T.);
#600=ORIENTED_EDGE('',*,*,#747,.T.);
#601=ORIENTED_EDGE('',*,*,#709,.T.);
#602=ORIENTED_EDGE('',*,*,#846,.F.);
#603=ORIENTED_EDGE('',*,*,#852,.F.);
#604=ORIENTED_EDGE('',*,*,#784,.T.);
#605=ORIENTED_EDGE('',*,*,#801,.T.);
#606=ORIENTED_EDGE('',*,*,#850,.F.);
#607=ORIENTED_EDGE('',*,*,#851,.F.);
#608=ORIENTED_EDGE('',*,*,#785,.T.);
#609=ORIENTED_EDGE('',*,*,#852,.T.);
#610=ORIENTED_EDGE('',*,*,#848,.F.);
#611=ORIENTED_EDGE('',*,*,#853,.T.);
#612=ORIENTED_EDGE('',*,*,#716,.T.);
#613=ORIENTED_EDGE('',*,*,#854,.F.);
#614=ORIENTED_EDGE('',*,*,#855,.T.);
#615=ORIENTED_EDGE('',*,*,#856,.F.);
#616=ORIENTED_EDGE('',*,*,#742,.T.);
#617=ORIENTED_EDGE('',*,*,#857,.T.);
#618=ORIENTED_EDGE('',*,*,#806,.T.);
#619=ORIENTED_EDGE('',*,*,#715,.F.);
#620=ORIENTED_EDGE('',*,*,#743,.F.);
#621=ORIENTED_EDGE('',*,*,#856,.T.);
#622=ORIENTED_EDGE('',*,*,#805,.F.);
#623=ORIENTED_EDGE('',*,*,#778,.F.);
#624=ORIENTED_EDGE('',*,*,#858,.T.);
#625=ORIENTED_EDGE('',*,*,#854,.T.);
#626=ORIENTED_EDGE('',*,*,#741,.T.);
#627=ORIENTED_EDGE('',*,*,#717,.T.);
#628=ORIENTED_EDGE('',*,*,#853,.F.);
#629=ORIENTED_EDGE('',*,*,#859,.F.);
#630=ORIENTED_EDGE('',*,*,#776,.T.);
#631=ORIENTED_EDGE('',*,*,#807,.T.);
#632=ORIENTED_EDGE('',*,*,#857,.F.);
#633=ORIENTED_EDGE('',*,*,#858,.F.);
#634=ORIENTED_EDGE('',*,*,#777,.T.);
#635=ORIENTED_EDGE('',*,*,#859,.T.);
#636=ORIENTED_EDGE('',*,*,#855,.F.);
#637=ORIENTED_EDGE('',*,*,#860,.T.);
#638=ORIENTED_EDGE('',*,*,#724,.T.);
#639=ORIENTED_EDGE('',*,*,#861,.F.);
#640=ORIENTED_EDGE('',*,*,#862,.T.);
#641=ORIENTED_EDGE('',*,*,#863,.F.);
#642=ORIENTED_EDGE('',*,*,#736,.T.);
#643=ORIENTED_EDGE('',*,*,#864,.T.);
#644=ORIENTED_EDGE('',*,*,#812,.T.);
#645=ORIENTED_EDGE('',*,*,#723,.F.);
#646=ORIENTED_EDGE('',*,*,#737,.F.);
#647=ORIENTED_EDGE('',*,*,#863,.T.);
#648=ORIENTED_EDGE('',*,*,#811,.F.);
#649=ORIENTED_EDGE('',*,*,#770,.F.);
#650=ORIENTED_EDGE('',*,*,#865,.T.);
#651=ORIENTED_EDGE('',*,*,#861,.T.);
#652=ORIENTED_EDGE('',*,*,#735,.T.);
#653=ORIENTED_EDGE('',*,*,#725,.T.);
#654=ORIENTED_EDGE('',*,*,#860,.F.);
#655=ORIENTED_EDGE('',*,*,#866,.F.);
#656=ORIENTED_EDGE('',*,*,#768,.T.);
#657=ORIENTED_EDGE('',*,*,#813,.T.);
#658=ORIENTED_EDGE('',*,*,#864,.F.);
#659=ORIENTED_EDGE('',*,*,#865,.F.);
#660=ORIENTED_EDGE('',*,*,#769,.T.);
#661=ORIENTED_EDGE('',*,*,#866,.T.);
#662=ORIENTED_EDGE('',*,*,#862,.F.);
#663=ORIENTED_EDGE('',*,*,#867,.T.);
#664=ORIENTED_EDGE('',*,*,#700,.T.);
#665=ORIENTED_EDGE('',*,*,#868,.F.);
#666=ORIENTED_EDGE('',*,*,#869,.T.);
#667=ORIENTED_EDGE('',*,*,#870,.F.);
#668=ORIENTED_EDGE('',*,*,#730,.T.);
#669=ORIENTED_EDGE('',*,*,#871,.T.);
#670=ORIENTED_EDGE('',*,*,#794,.T.);
#671=ORIENTED_EDGE('',*,*,#699,.F.);
#672=ORIENTED_EDGE('',*,*,#731,.F.);
#673=ORIENTED_EDGE('',*,*,#870,.T.);
#674=ORIENTED_EDGE('',*,*,#793,.F.);
#675=ORIENTED_EDGE('',*,*,#762,.F.);
#676=ORIENTED_EDGE('',*,*,#872,.T.);
#677=ORIENTED_EDGE('',*,*,#868,.T.);
#678=ORIENTED_EDGE('',*,*,#753,.T.);
#679=ORIENTED_EDGE('',*,*,#701,.T.);
#680=ORIENTED_EDGE('',*,*,#867,.F.);
#681=ORIENTED_EDGE('',*,*,#873,.F.);
#682=ORIENTED_EDGE('',*,*,#792,.T.);
#683=ORIENTED_EDGE('',*,*,#795,.T.);
#684=ORIENTED_EDGE('',*,*,#871,.F.);
#685=ORIENTED_EDGE('',*,*,#872,.F.);
#686=ORIENTED_EDGE('',*,*,#761,.T.);
#687=ORIENTED_EDGE('',*,*,#873,.T.);
#688=ORIENTED_EDGE('',*,*,#869,.F.);
#689=EDGE_CURVE('',#874,#874,#1003,.T.);
#690=EDGE_CURVE('',#875,#875,#1004,.T.);
#691=EDGE_CURVE('',#876,#876,#1005,.T.);
#692=EDGE_CURVE('',#877,#877,#1006,.T.);
#693=EDGE_CURVE('',#878,#878,#1007,.T.);
#694=EDGE_CURVE('',#879,#879,#1008,.T.);
#695=EDGE_CURVE('',#880,#880,#1009,.T.);
#696=EDGE_CURVE('',#881,#881,#1010,.T.);
#697=EDGE_CURVE('',#882,#882,#1011,.T.);
#698=EDGE_CURVE('',#883,#884,#1012,.T.);
#699=EDGE_CURVE('',#883,#885,#228,.T.);
#700=EDGE_CURVE('',#886,#885,#229,.T.);
#701=EDGE_CURVE('',#887,#886,#230,.T.);
#702=EDGE_CURVE('',#888,#887,#1013,.T.);
#703=EDGE_CURVE('',#888,#889,#231,.T.);
#704=EDGE_CURVE('',#890,#889,#232,.T.);
#705=EDGE_CURVE('',#891,#890,#233,.T.);
#706=EDGE_CURVE('',#892,#891,#1014,.T.);
#707=EDGE_CURVE('',#892,#893,#234,.T.);
#708=EDGE_CURVE('',#894,#893,#235,.T.);
#709=EDGE_CURVE('',#895,#894,#236,.T.);
#710=EDGE_CURVE('',#896,#895,#1015,.T.);
#711=EDGE_CURVE('',#896,#897,#237,.T.);
#712=EDGE_CURVE('',#898,#897,#238,.T.);
#713=EDGE_CURVE('',#899,#898,#239,.T.);
#714=EDGE_CURVE('',#900,#899,#1016,.T.);
#715=EDGE_CURVE('',#900,#901,#240,.T.);
#716=EDGE_CURVE('',#902,#901,#241,.T.);
#717=EDGE_CURVE('',#903,#902,#242,.T.);
#718=EDGE_CURVE('',#904,#903,#1017,.T.);
#719=EDGE_CURVE('',#904,#905,#243,.T.);
#720=EDGE_CURVE('',#906,#905,#244,.T.);
#721=EDGE_CURVE('',#907,#906,#245,.T.);
#722=EDGE_CURVE('',#908,#907,#1018,.T.);
#723=EDGE_CURVE('',#908,#909,#246,.T.);
#724=EDGE_CURVE('',#910,#909,#247,.T.);
#725=EDGE_CURVE('',#911,#910,#248,.T.);
#726=EDGE_CURVE('',#912,#911,#1019,.T.);
#727=EDGE_CURVE('',#912,#913,#249,.T.);
#728=EDGE_CURVE('',#914,#913,#250,.T.);
#729=EDGE_CURVE('',#884,#914,#251,.T.);
#730=EDGE_CURVE('',#915,#916,#20,.T.);
#731=EDGE_CURVE('',#915,#883,#21,.T.);
#732=EDGE_CURVE('',#917,#884,#22,.T.);
#733=EDGE_CURVE('',#918,#917,#23,.T.);
#734=EDGE_CURVE('',#918,#912,#24,.T.);
#735=EDGE_CURVE('',#919,#911,#25,.T.);
#736=EDGE_CURVE('',#920,#919,#26,.T.);
#737=EDGE_CURVE('',#920,#908,#27,.T.);
#738=EDGE_CURVE('',#921,#907,#28,.T.);
#739=EDGE_CURVE('',#922,#921,#29,.T.);
#740=EDGE_CURVE('',#922,#904,#30,.T.);
#741=EDGE_CURVE('',#923,#903,#31,.T.);
#742=EDGE_CURVE('',#924,#923,#32,.T.);
#743=EDGE_CURVE('',#924,#900,#33,.T.);
#744=EDGE_CURVE('',#925,#899,#34,.T.);
#745=EDGE_CURVE('',#926,#925,#35,.T.);
#746=EDGE_CURVE('',#926,#896,#36,.T.);
#747=EDGE_CURVE('',#927,#895,#37,.T.);
#748=EDGE_CURVE('',#928,#927,#38,.T.);
#749=EDGE_CURVE('',#928,#892,#39,.T.);
#750=EDGE_CURVE('',#929,#891,#40,.T.);
#751=EDGE_CURVE('',#930,#929,#41,.T.);
#752=EDGE_CURVE('',#930,#888,#42,.T.);
#753=EDGE_CURVE('',#916,#887,#43,.T.);
#754=EDGE_CURVE('',#931,#931,#1020,.T.);
#755=EDGE_CURVE('',#932,#932,#1021,.F.);
#756=EDGE_CURVE('',#933,#933,#1022,.T.);
#757=EDGE_CURVE('',#934,#934,#1023,.F.);
#758=EDGE_CURVE('',#935,#935,#1024,.T.);
#759=EDGE_CURVE('',#936,#936,#1025,.T.);
#760=EDGE_CURVE('',#937,#937,#1026,.T.);
#761=EDGE_CURVE('',#938,#939,#1027,.T.);
#762=EDGE_CURVE('',#938,#940,#252,.T.);
#763=EDGE_CURVE('',#941,#940,#1028,.T.);
#764=EDGE_CURVE('',#942,#941,#253,.T.);
#765=EDGE_CURVE('',#943,#942,#1029,.T.);
#766=EDGE_CURVE('',#943,#944,#254,.T.);
#767=EDGE_CURVE('',#945,#944,#1030,.T.);
#768=EDGE_CURVE('',#946,#945,#255,.T.);
#769=EDGE_CURVE('',#947,#946,#1031,.T.);
#770=EDGE_CURVE('',#947,#948,#256,.T.);
#771=EDGE_CURVE('',#949,#948,#1032,.T.);
#772=EDGE_CURVE('',#950,#949,#257,.T.);
#773=EDGE_CURVE('',#951,#950,#1033,.T.);
#774=EDGE_CURVE('',#951,#952,#258,.T.);
#775=EDGE_CURVE('',#953,#952,#1034,.T.);
#776=EDGE_CURVE('',#954,#953,#259,.T.);
#777=EDGE_CURVE('',#955,#954,#1035,.T.);
#778=EDGE_CURVE('',#955,#956,#260,.T.);
#779=EDGE_CURVE('',#957,#956,#1036,.T.);
#780=EDGE_CURVE('',#958,#957,#261,.T.);
#781=EDGE_CURVE('',#959,#958,#1037,.T.);
#782=EDGE_CURVE('',#959,#960,#262,.T.);
#783=EDGE_CURVE('',#961,#960,#1038,.T.);
#784=EDGE_CURVE('',#962,#961,#263,.T.);
#785=EDGE_CURVE('',#963,#962,#1039,.T.);
#786=EDGE_CURVE('',#963,#964,#264,.T.);
#787=EDGE_CURVE('',#965,#964,#1040,.T.);
#788=EDGE_CURVE('',#966,#965,#265,.T.);
#789=EDGE_CURVE('',#967,#966,#1041,.T.);
#790=EDGE_CURVE('',#967,#968,#266,.T.);
#791=EDGE_CURVE('',#969,#968,#1042,.T.);
#792=EDGE_CURVE('',#939,#969,#267,.T.);
#793=EDGE_CURVE('',#940,#970,#44,.T.);
#794=EDGE_CURVE('',#971,#970,#45,.T.);
#795=EDGE_CURVE('',#969,#971,#46,.T.);
#796=EDGE_CURVE('',#968,#972,#47,.T.);
#797=EDGE_CURVE('',#973,#972,#48,.T.);
#798=EDGE_CURVE('',#965,#973,#49,.T.);
#799=EDGE_CURVE('',#964,#974,#50,.T.);
#800=EDGE_CURVE('',#975,#974,#51,.T.);
#801=EDGE_CURVE('',#961,#975,#52,.T.);
#802=EDGE_CURVE('',#960,#976,#53,.T.);
#803=EDGE_CURVE('',#977,#976,#54,.T.);
#804=EDGE_CURVE('',#957,#977,#55,.T.);
#805=EDGE_CURVE('',#956,#978,#56,.T.);
#806=EDGE_CURVE('',#979,#978,#57,.T.);
#807=EDGE_CURVE('',#953,#979,#58,.T.);
#808=EDGE_CURVE('',#952,#980,#59,.T.);
#809=EDGE_CURVE('',#981,#980,#60,.T.);
#810=EDGE_CURVE('',#949,#981,#61,.T.);
#811=EDGE_CURVE('',#948,#982,#62,.T.);
#812=EDGE_CURVE('',#983,#982,#63,.T.);
#813=EDGE_CURVE('',#945,#983,#64,.T.);
#814=EDGE_CURVE('',#944,#984,#65,.T.);
#815=EDGE_CURVE('',#985,#984,#66,.T.);
#816=EDGE_CURVE('',#941,#985,#67,.T.);
#817=EDGE_CURVE('',#986,#986,#1043,.T.);
#818=EDGE_CURVE('',#987,#890,#68,.T.);
#819=EDGE_CURVE('',#988,#889,#69,.T.);
#820=EDGE_CURVE('',#988,#987,#70,.T.);
#821=EDGE_CURVE('',#930,#972,#71,.T.);
#822=EDGE_CURVE('',#929,#973,#72,.T.);
#823=EDGE_CURVE('',#967,#988,#73,.T.);
#824=EDGE_CURVE('',#966,#987,#74,.T.);
#825=EDGE_CURVE('',#989,#898,#75,.T.);
#826=EDGE_CURVE('',#990,#897,#76,.T.);
#827=EDGE_CURVE('',#990,#989,#77,.T.);
#828=EDGE_CURVE('',#926,#976,#78,.T.);
#829=EDGE_CURVE('',#925,#977,#79,.T.);
#830=EDGE_CURVE('',#959,#990,#80,.T.);
#831=EDGE_CURVE('',#958,#989,#81,.T.);
#832=EDGE_CURVE('',#991,#906,#82,.T.);
#833=EDGE_CURVE('',#992,#905,#83,.T.);
#834=EDGE_CURVE('',#992,#991,#84,.T.);
#835=EDGE_CURVE('',#922,#980,#85,.T.);
#836=EDGE_CURVE('',#921,#981,#86,.T.);
#837=EDGE_CURVE('',#951,#992,#87,.T.);
#838=EDGE_CURVE('',#950,#991,#88,.T.);
#839=EDGE_CURVE('',#993,#914,#89,.T.);
#840=EDGE_CURVE('',#994,#913,#90,.T.);
#841=EDGE_CURVE('',#994,#993,#91,.T.);
#842=EDGE_CURVE('',#918,#984,#92,.T.);
#843=EDGE_CURVE('',#917,#985,#93,.T.);
#844=EDGE_CURVE('',#943,#994,#94,.T.);
#845=EDGE_CURVE('',#942,#993,#95,.T.);
#846=EDGE_CURVE('',#995,#894,#96,.T.);
#847=EDGE_CURVE('',#996,#893,#97,.T.);
#848=EDGE_CURVE('',#996,#995,#98,.T.);
#849=EDGE_CURVE('',#928,#974,#99,.T.);
#850=EDGE_CURVE('',#927,#975,#100,.T.);
#851=EDGE_CURVE('',#963,#996,#101,.T.);
#852=EDGE_CURVE('',#962,#995,#102,.T.);
#853=EDGE_CURVE('',#997,#902,#103,.T.);
#854=EDGE_CURVE('',#998,#901,#104,.T.);
#855=EDGE_CURVE('',#998,#997,#105,.T.);
#856=EDGE_CURVE('',#924,#978,#106,.T.);
#857=EDGE_CURVE('',#923,#979,#107,.T.);
#858=EDGE_CURVE('',#955,#998,#108,.T.);
#859=EDGE_CURVE('',#954,#997,#109,.T.);
#860=EDGE_CURVE('',#999,#910,#110,.T.);
#861=EDGE_CURVE('',#1000,#909,#111,.T.);
#862=EDGE_CURVE('',#1000,#999,#112,.T.);
#863=EDGE_CURVE('',#920,#982,#113,.T.);
#864=EDGE_CURVE('',#919,#983,#114,.T.);
#865=EDGE_CURVE('',#947,#1000,#115,.T.);
#866=EDGE_CURVE('',#946,#999,#116,.T.);
#867=EDGE_CURVE('',#1001,#886,#117,.T.);
#868=EDGE_CURVE('',#1002,#885,#118,.T.);
#869=EDGE_CURVE('',#1002,#1001,#119,.T.);
#870=EDGE_CURVE('',#915,#970,#120,.T.);
#871=EDGE_CURVE('',#916,#971,#121,.T.);
#872=EDGE_CURVE('',#938,#1002,#122,.T.);
#873=EDGE_CURVE('',#939,#1001,#123,.T.);
#874=VERTEX_POINT('',#2108);
#875=VERTEX_POINT('',#2110);
#876=VERTEX_POINT('',#2113);
#877=VERTEX_POINT('',#2115);
#878=VERTEX_POINT('',#2118);
#879=VERTEX_POINT('',#2121);
#880=VERTEX_POINT('',#2124);
#881=VERTEX_POINT('',#2127);
#882=VERTEX_POINT('',#2130);
#883=VERTEX_POINT('',#2133);
#884=VERTEX_POINT('',#2134);
#885=VERTEX_POINT('',#2139);
#886=VERTEX_POINT('',#2144);
#887=VERTEX_POINT('',#2149);
#888=VERTEX_POINT('',#2151);
#889=VERTEX_POINT('',#2156);
#890=VERTEX_POINT('',#2161);
#891=VERTEX_POINT('',#2166);
#892=VERTEX_POINT('',#2168);
#893=VERTEX_POINT('',#2173);
#894=VERTEX_POINT('',#2178);
#895=VERTEX_POINT('',#2183);
#896=VERTEX_POINT('',#2185);
#897=VERTEX_POINT('',#2190);
#898=VERTEX_POINT('',#2195);
#899=VERTEX_POINT('',#2200);
#900=VERTEX_POINT('',#2202);
#901=VERTEX_POINT('',#2207);
#902=VERTEX_POINT('',#2212);
#903=VERTEX_POINT('',#2217);
#904=VERTEX_POINT('',#2219);
#905=VERTEX_POINT('',#2224);
#906=VERTEX_POINT('',#2229);
#907=VERTEX_POINT('',#2234);
#908=VERTEX_POINT('',#2236);
#909=VERTEX_POINT('',#2241);
#910=VERTEX_POINT('',#2246);
#911=VERTEX_POINT('',#2251);
#912=VERTEX_POINT('',#2253);
#913=VERTEX_POINT('',#2258);
#914=VERTEX_POINT('',#2263);
#915=VERTEX_POINT('',#2270);
#916=VERTEX_POINT('',#2271);
#917=VERTEX_POINT('',#2274);
#918=VERTEX_POINT('',#2276);
#919=VERTEX_POINT('',#2279);
#920=VERTEX_POINT('',#2281);
#921=VERTEX_POINT('',#2284);
#922=VERTEX_POINT('',#2286);
#923=VERTEX_POINT('',#2289);
#924=VERTEX_POINT('',#2291);
#925=VERTEX_POINT('',#2294);
#926=VERTEX_POINT('',#2296);
#927=VERTEX_POINT('',#2299);
#928=VERTEX_POINT('',#2301);
#929=VERTEX_POINT('',#2304);
#930=VERTEX_POINT('',#2306);
#931=VERTEX_POINT('',#2311);
#932=VERTEX_POINT('',#2314);
#933=VERTEX_POINT('',#2317);
#934=VERTEX_POINT('',#2321);
#935=VERTEX_POINT('',#2323);
#936=VERTEX_POINT('',#2326);
#937=VERTEX_POINT('',#2329);
#938=VERTEX_POINT('',#2332);
#939=VERTEX_POINT('',#2333);
#940=VERTEX_POINT('',#2338);
#941=VERTEX_POINT('',#2340);
#942=VERTEX_POINT('',#2345);
#943=VERTEX_POINT('',#2347);
#944=VERTEX_POINT('',#2352);
#945=VERTEX_POINT('',#2354);
#946=VERTEX_POINT('',#2359);
#947=VERTEX_POINT('',#2361);
#948=VERTEX_POINT('',#2366);
#949=VERTEX_POINT('',#2368);
#950=VERTEX_POINT('',#2373);
#951=VERTEX_POINT('',#2375);
#952=VERTEX_POINT('',#2380);
#953=VERTEX_POINT('',#2382);
#954=VERTEX_POINT('',#2387);
#955=VERTEX_POINT('',#2389);
#956=VERTEX_POINT('',#2394);
#957=VERTEX_POINT('',#2396);
#958=VERTEX_POINT('',#2401);
#959=VERTEX_POINT('',#2403);
#960=VERTEX_POINT('',#2408);
#961=VERTEX_POINT('',#2410);
#962=VERTEX_POINT('',#2415);
#963=VERTEX_POINT('',#2417);
#964=VERTEX_POINT('',#2422);
#965=VERTEX_POINT('',#2424);
#966=VERTEX_POINT('',#2429);
#967=VERTEX_POINT('',#2431);
#968=VERTEX_POINT('',#2436);
#969=VERTEX_POINT('',#2438);
#970=VERTEX_POINT('',#2445);
#971=VERTEX_POINT('',#2447);
#972=VERTEX_POINT('',#2450);
#973=VERTEX_POINT('',#2452);
#974=VERTEX_POINT('',#2455);
#975=VERTEX_POINT('',#2457);
#976=VERTEX_POINT('',#2460);
#977=VERTEX_POINT('',#2462);
#978=VERTEX_POINT('',#2465);
#979=VERTEX_POINT('',#2467);
#980=VERTEX_POINT('',#2470);
#981=VERTEX_POINT('',#2472);
#982=VERTEX_POINT('',#2475);
#983=VERTEX_POINT('',#2477);
#984=VERTEX_POINT('',#2480);
#985=VERTEX_POINT('',#2482);
#986=VERTEX_POINT('',#2486);
#987=VERTEX_POINT('',#2490);
#988=VERTEX_POINT('',#2492);
#989=VERTEX_POINT('',#2504);
#990=VERTEX_POINT('',#2506);
#991=VERTEX_POINT('',#2518);
#992=VERTEX_POINT('',#2520);
#993=VERTEX_POINT('',#2532);
#994=VERTEX_POINT('',#2534);
#995=VERTEX_POINT('',#2546);
#996=VERTEX_POINT('',#2548);
#997=VERTEX_POINT('',#2560);
#998=VERTEX_POINT('',#2562);
#999=VERTEX_POINT('',#2574);
#1000=VERTEX_POINT('',#2576);
#1001=VERTEX_POINT('',#2588);
#1002=VERTEX_POINT('',#2590);
#1003=CIRCLE('',#1697,30.);
#1004=CIRCLE('',#1698,15.0891081683168);
#1005=CIRCLE('',#1700,52.);
#1006=CIRCLE('',#1701,52.);
#1007=CIRCLE('',#1703,47.5000003);
#1008=CIRCLE('',#1705,47.);
#1009=CIRCLE('',#1707,50.);
#1010=CIRCLE('',#1709,45.5);
#1011=CIRCLE('',#1711,43.);
#1012=CIRCLE('',#1713,40.);
#1013=CIRCLE('',#1714,40.);
#1014=CIRCLE('',#1715,40.);
#1015=CIRCLE('',#1716,40.);
#1016=CIRCLE('',#1717,40.);
#1017=CIRCLE('',#1718,40.);
#1018=CIRCLE('',#1719,40.);
#1019=CIRCLE('',#1720,40.);
#1020=CIRCLE('',#1723,50.);
#1021=CIRCLE('',#1725,7.);
#1022=CIRCLE('',#1727,7.);
#1023=CIRCLE('',#1730,1.);
#1024=CIRCLE('',#1731,27.98);
#1025=CIRCLE('',#1733,30.91);
#1026=CIRCLE('',#1735,33.630001);
#1027=CIRCLE('',#1737,36.003440186523);
#1028=CIRCLE('',#1738,36.080002);
#1029=CIRCLE('',#1739,36.003440186523);
#1030=CIRCLE('',#1740,36.080002);
#1031=CIRCLE('',#1741,36.003440186523);
#1032=CIRCLE('',#1742,36.080002);
#1033=CIRCLE('',#1743,36.003440186523);
#1034=CIRCLE('',#1744,36.080002);
#1035=CIRCLE('',#1745,36.003440186523);
#1036=CIRCLE('',#1746,36.080002);
#1037=CIRCLE('',#1747,36.003440186523);
#1038=CIRCLE('',#1748,36.080002);
#1039=CIRCLE('',#1749,36.003440186523);
#1040=CIRCLE('',#1750,36.080002);
#1041=CIRCLE('',#1751,36.003440186523);
#1042=CIRCLE('',#1752,36.080002);
#1043=CIRCLE('',#1755,1.);
#1044=EDGE_LOOP('',(#319));
#1045=EDGE_LOOP('',(#320));
#1046=EDGE_LOOP('',(#321));
#1047=EDGE_LOOP('',(#322));
#1048=EDGE_LOOP('',(#323));
#1049=EDGE_LOOP('',(#324));
#1050=EDGE_LOOP('',(#325));
#1051=EDGE_LOOP('',(#326));
#1052=EDGE_LOOP('',(#327));
#1053=EDGE_LOOP('',(#328));
#1054=EDGE_LOOP('',(#329));
#1055=EDGE_LOOP('',(#330));
#1056=EDGE_LOOP('',(#331));
#1057=EDGE_LOOP('',(#332));
#1058=EDGE_LOOP('',(#333,#334,#335,#336,#337,#338,#339,#340,#341,#342,#343,
#344,#345,#346,#347,#348,#349,#350,#351,#352,#353,#354,#355,#356,#357,#358,
#359,#360,#361,#362,#363,#364));
#1059=EDGE_LOOP('',(#365));
#1060=EDGE_LOOP('',(#366));
#1061=EDGE_LOOP('',(#367,#368,#369,#370,#371,#372,#373,#374,#375,#376,#377,
#378,#379,#380,#381,#382,#383,#384,#385,#386,#387,#388,#389,#390,#391,#392,
#393,#394,#395,#396,#397,#398));
#1062=EDGE_LOOP('',(#399));
#1063=EDGE_LOOP('',(#400));
#1064=EDGE_LOOP('',(#401));
#1065=EDGE_LOOP('',(#402));
#1066=EDGE_LOOP('',(#403));
#1067=EDGE_LOOP('',(#404));
#1068=EDGE_LOOP('',(#405));
#1069=EDGE_LOOP('',(#406));
#1070=EDGE_LOOP('',(#407));
#1071=EDGE_LOOP('',(#408));
#1072=EDGE_LOOP('',(#409));
#1073=EDGE_LOOP('',(#410));
#1074=EDGE_LOOP('',(#411));
#1075=EDGE_LOOP('',(#412,#413,#414,#415,#416,#417,#418,#419,#420,#421,#422,
#423,#424,#425,#426,#427,#428,#429,#430,#431,#432,#433,#434,#435,#436,#437,
#438,#439,#440,#441,#442,#443));
#1076=EDGE_LOOP('',(#444));
#1077=EDGE_LOOP('',(#445));
#1078=EDGE_LOOP('',(#446,#447,#448,#449,#450,#451,#452,#453,#454,#455,#456,
#457,#458,#459,#460,#461,#462,#463,#464,#465,#466,#467,#468,#469,#470,#471,
#472,#473,#474,#475,#476,#477));
#1079=EDGE_LOOP('',(#478));
#1080=EDGE_LOOP('',(#479));
#1081=EDGE_LOOP('',(#480));
#1082=EDGE_LOOP('',(#481,#482,#483,#484));
#1083=EDGE_LOOP('',(#485,#486,#487,#488));
#1084=EDGE_LOOP('',(#489,#490,#491,#492,#493,#494,#495));
#1085=EDGE_LOOP('',(#496,#497,#498,#499,#500,#501,#502));
#1086=EDGE_LOOP('',(#503,#504,#505,#506));
#1087=EDGE_LOOP('',(#507,#508,#509,#510));
#1088=EDGE_LOOP('',(#511,#512,#513,#514));
#1089=EDGE_LOOP('',(#515,#516,#517,#518,#519,#520,#521));
#1090=EDGE_LOOP('',(#522,#523,#524,#525,#526,#527,#528));
#1091=EDGE_LOOP('',(#529,#530,#531,#532));
#1092=EDGE_LOOP('',(#533,#534,#535,#536));
#1093=EDGE_LOOP('',(#537,#538,#539,#540));
#1094=EDGE_LOOP('',(#541,#542,#543,#544,#545,#546,#547));
#1095=EDGE_LOOP('',(#548,#549,#550,#551,#552,#553,#554));
#1096=EDGE_LOOP('',(#555,#556,#557,#558));
#1097=EDGE_LOOP('',(#559,#560,#561,#562));
#1098=EDGE_LOOP('',(#563,#564,#565,#566));
#1099=EDGE_LOOP('',(#567,#568,#569,#570,#571,#572,#573));
#1100=EDGE_LOOP('',(#574,#575,#576,#577,#578,#579,#580));
#1101=EDGE_LOOP('',(#581,#582,#583,#584));
#1102=EDGE_LOOP('',(#585,#586,#587,#588));
#1103=EDGE_LOOP('',(#589,#590,#591,#592));
#1104=EDGE_LOOP('',(#593,#594,#595,#596,#597,#598,#599));
#1105=EDGE_LOOP('',(#600,#601,#602,#603,#604,#605,#606));
#1106=EDGE_LOOP('',(#607,#608,#609,#610));
#1107=EDGE_LOOP('',(#611,#612,#613,#614));
#1108=EDGE_LOOP('',(#615,#616,#617,#618));
#1109=EDGE_LOOP('',(#619,#620,#621,#622,#623,#624,#625));
#1110=EDGE_LOOP('',(#626,#627,#628,#629,#630,#631,#632));
#1111=EDGE_LOOP('',(#633,#634,#635,#636));
#1112=EDGE_LOOP('',(#637,#638,#639,#640));
#1113=EDGE_LOOP('',(#641,#642,#643,#644));
#1114=EDGE_LOOP('',(#645,#646,#647,#648,#649,#650,#651));
#1115=EDGE_LOOP('',(#652,#653,#654,#655,#656,#657,#658));
#1116=EDGE_LOOP('',(#659,#660,#661,#662));
#1117=EDGE_LOOP('',(#663,#664,#665,#666));
#1118=EDGE_LOOP('',(#667,#668,#669,#670));
#1119=EDGE_LOOP('',(#671,#672,#673,#674,#675,#676,#677));
#1120=EDGE_LOOP('',(#678,#679,#680,#681,#682,#683,#684));
#1121=EDGE_LOOP('',(#685,#686,#687,#688));
#1122=FACE_BOUND('',#1044,.T.);
#1123=FACE_BOUND('',#1045,.T.);
#1124=FACE_BOUND('',#1046,.T.);
#1125=FACE_BOUND('',#1047,.T.);
#1126=FACE_BOUND('',#1048,.T.);
#1127=FACE_BOUND('',#1049,.T.);
#1128=FACE_BOUND('',#1050,.T.);
#1129=FACE_BOUND('',#1051,.T.);
#1130=FACE_BOUND('',#1052,.T.);
#1131=FACE_BOUND('',#1053,.T.);
#1132=FACE_BOUND('',#1054,.T.);
#1133=FACE_BOUND('',#1055,.T.);
#1134=FACE_BOUND('',#1056,.T.);
#1135=FACE_BOUND('',#1057,.T.);
#1136=FACE_BOUND('',#1058,.T.);
#1137=FACE_BOUND('',#1059,.T.);
#1138=FACE_BOUND('',#1060,.T.);
#1139=FACE_BOUND('',#1061,.T.);
#1140=FACE_BOUND('',#1062,.T.);
#1141=FACE_BOUND('',#1063,.T.);
#1142=FACE_BOUND('',#1064,.T.);
#1143=FACE_BOUND('',#1065,.T.);
#1144=FACE_BOUND('',#1066,.T.);
#1145=FACE_BOUND('',#1067,.T.);
#1146=FACE_BOUND('',#1068,.T.);
#1147=FACE_BOUND('',#1069,.T.);
#1148=FACE_BOUND('',#1070,.T.);
#1149=FACE_BOUND('',#1071,.T.);
#1150=FACE_BOUND('',#1072,.T.);
#1151=FACE_BOUND('',#1073,.T.);
#1152=FACE_BOUND('',#1074,.T.);
#1153=FACE_BOUND('',#1075,.T.);
#1154=FACE_BOUND('',#1076,.T.);
#1155=FACE_BOUND('',#1077,.T.);
#1156=FACE_BOUND('',#1078,.T.);
#1157=FACE_BOUND('',#1079,.T.);
#1158=FACE_BOUND('',#1080,.T.);
#1159=FACE_BOUND('',#1081,.T.);
#1160=FACE_BOUND('',#1082,.T.);
#1161=FACE_BOUND('',#1083,.T.);
#1162=FACE_BOUND('',#1084,.T.);
#1163=FACE_BOUND('',#1085,.T.);
#1164=FACE_BOUND('',#1086,.T.);
#1165=FACE_BOUND('',#1087,.T.);
#1166=FACE_BOUND('',#1088,.T.);
#1167=FACE_BOUND('',#1089,.T.);
#1168=FACE_BOUND('',#1090,.T.);
#1169=FACE_BOUND('',#1091,.T.);
#1170=FACE_BOUND('',#1092,.T.);
#1171=FACE_BOUND('',#1093,.T.);
#1172=FACE_BOUND('',#1094,.T.);
#1173=FACE_BOUND('',#1095,.T.);
#1174=FACE_BOUND('',#1096,.T.);
#1175=FACE_BOUND('',#1097,.T.);
#1176=FACE_BOUND('',#1098,.T.);
#1177=FACE_BOUND('',#1099,.T.);
#1178=FACE_BOUND('',#1100,.T.);
#1179=FACE_BOUND('',#1101,.T.);
#1180=FACE_BOUND('',#1102,.T.);
#1181=FACE_BOUND('',#1103,.T.);
#1182=FACE_BOUND('',#1104,.T.);
#1183=FACE_BOUND('',#1105,.T.);
#1184=FACE_BOUND('',#1106,.T.);
#1185=FACE_BOUND('',#1107,.T.);
#1186=FACE_BOUND('',#1108,.T.);
#1187=FACE_BOUND('',#1109,.T.);
#1188=FACE_BOUND('',#1110,.T.);
#1189=FACE_BOUND('',#1111,.T.);
#1190=FACE_BOUND('',#1112,.T.);
#1191=FACE_BOUND('',#1113,.T.);
#1192=FACE_BOUND('',#1114,.T.);
#1193=FACE_BOUND('',#1115,.T.);
#1194=FACE_BOUND('',#1116,.T.);
#1195=FACE_BOUND('',#1117,.T.);
#1196=FACE_BOUND('',#1118,.T.);
#1197=FACE_BOUND('',#1119,.T.);
#1198=FACE_BOUND('',#1120,.T.);
#1199=FACE_BOUND('',#1121,.T.);
#1200=CONICAL_SURFACE('',#1696,30.,0.978192528724355);
#1201=CONICAL_SURFACE('',#1704,48.,0.463647609000806);
#1202=CONICAL_SURFACE('',#1706,50.,0.927295218001612);
#1203=CONICAL_SURFACE('',#1708,47.,0.643501108793284);
#1204=CONICAL_SURFACE('',#1710,45.5,0.872136502073431);
#1205=CONICAL_SURFACE('',#1712,43.,1.24904577239825);
#1206=CONICAL_SURFACE('',#1732,27.98,1.22065613739233);
#1207=CONICAL_SURFACE('',#1734,30.91,1.06401046674921);
#1208=CONICAL_SURFACE('',#1736,33.630001,0.906089863095719);
#1209=STYLED_ITEM('',(#1269),#1631);
#1210=STYLED_ITEM('',(#1270),#1632);
#1211=STYLED_ITEM('',(#1271),#1633);
#1212=STYLED_ITEM('',(#1272),#1634);
#1213=STYLED_ITEM('',(#1273),#1635);
#1214=STYLED_ITEM('',(#1274),#1636);
#1215=STYLED_ITEM('',(#1275),#1637);
#1216=STYLED_ITEM('',(#1276),#1638);
#1217=STYLED_ITEM('',(#1277),#1639);
#1218=STYLED_ITEM('',(#1278),#1640);
#1219=STYLED_ITEM('',(#1279),#1641);
#1220=STYLED_ITEM('',(#1280),#1642);
#1221=STYLED_ITEM('',(#1281),#1643);
#1222=STYLED_ITEM('',(#1282),#1644);
#1223=STYLED_ITEM('',(#1283),#1645);
#1224=STYLED_ITEM('',(#1284),#1646);
#1225=STYLED_ITEM('',(#1285),#1647);
#1226=STYLED_ITEM('',(#1286),#1648);
#1227=STYLED_ITEM('',(#1287),#1649);
#1228=STYLED_ITEM('',(#1288),#1650);
#1229=STYLED_ITEM('',(#1289),#1651);
#1230=STYLED_ITEM('',(#1290),#1652);
#1231=STYLED_ITEM('',(#1291),#1653);
#1232=STYLED_ITEM('',(#1292),#1654);
#1233=STYLED_ITEM('',(#1293),#1655);
#1234=STYLED_ITEM('',(#1294),#1656);
#1235=STYLED_ITEM('',(#1295),#1657);
#1236=STYLED_ITEM('',(#1296),#1658);
#1237=STYLED_ITEM('',(#1297),#1659);
#1238=STYLED_ITEM('',(#1298),#1660);
#1239=STYLED_ITEM('',(#1299),#1661);
#1240=STYLED_ITEM('',(#1300),#1662);
#1241=STYLED_ITEM('',(#1301),#1663);
#1242=STYLED_ITEM('',(#1302),#1664);
#1243=STYLED_ITEM('',(#1303),#1665);
#1244=STYLED_ITEM('',(#1304),#1666);
#1245=STYLED_ITEM('',(#1305),#1667);
#1246=STYLED_ITEM('',(#1306),#1668);
#1247=STYLED_ITEM('',(#1307),#1669);
#1248=STYLED_ITEM('',(#1308),#1670);
#1249=STYLED_ITEM('',(#1309),#1671);
#1250=STYLED_ITEM('',(#1310),#1672);
#1251=STYLED_ITEM('',(#1311),#1673);
#1252=STYLED_ITEM('',(#1312),#1674);
#1253=STYLED_ITEM('',(#1313),#1675);
#1254=STYLED_ITEM('',(#1314),#1676);
#1255=STYLED_ITEM('',(#1315),#1677);
#1256=STYLED_ITEM('',(#1316),#1678);
#1257=STYLED_ITEM('',(#1317),#1679);
#1258=STYLED_ITEM('',(#1318),#1680);
#1259=STYLED_ITEM('',(#1319),#1681);
#1260=STYLED_ITEM('',(#1320),#1682);
#1261=STYLED_ITEM('',(#1321),#1683);
#1262=STYLED_ITEM('',(#1322),#1684);
#1263=STYLED_ITEM('',(#1323),#1685);
#1264=STYLED_ITEM('',(#1324),#1686);
#1265=STYLED_ITEM('',(#1325),#1687);
#1266=STYLED_ITEM('',(#1326),#1688);
#1267=STYLED_ITEM('',(#1327),#1689);
#1268=STYLED_ITEM('',(#1328),#1690);
#1269=PRESENTATION_STYLE_ASSIGNMENT((#1329));
#1270=PRESENTATION_STYLE_ASSIGNMENT((#1330));
#1271=PRESENTATION_STYLE_ASSIGNMENT((#1331));
#1272=PRESENTATION_STYLE_ASSIGNMENT((#1332));
#1273=PRESENTATION_STYLE_ASSIGNMENT((#1333));
#1274=PRESENTATION_STYLE_ASSIGNMENT((#1334));
#1275=PRESENTATION_STYLE_ASSIGNMENT((#1335));
#1276=PRESENTATION_STYLE_ASSIGNMENT((#1336));
#1277=PRESENTATION_STYLE_ASSIGNMENT((#1337));
#1278=PRESENTATION_STYLE_ASSIGNMENT((#1338));
#1279=PRESENTATION_STYLE_ASSIGNMENT((#1339));
#1280=PRESENTATION_STYLE_ASSIGNMENT((#1340));
#1281=PRESENTATION_STYLE_ASSIGNMENT((#1341));
#1282=PRESENTATION_STYLE_ASSIGNMENT((#1342));
#1283=PRESENTATION_STYLE_ASSIGNMENT((#1343));
#1284=PRESENTATION_STYLE_ASSIGNMENT((#1344));
#1285=PRESENTATION_STYLE_ASSIGNMENT((#1345));
#1286=PRESENTATION_STYLE_ASSIGNMENT((#1346));
#1287=PRESENTATION_STYLE_ASSIGNMENT((#1347));
#1288=PRESENTATION_STYLE_ASSIGNMENT((#1348));
#1289=PRESENTATION_STYLE_ASSIGNMENT((#1349));
#1290=PRESENTATION_STYLE_ASSIGNMENT((#1350));
#1291=PRESENTATION_STYLE_ASSIGNMENT((#1351));
#1292=PRESENTATION_STYLE_ASSIGNMENT((#1352));
#1293=PRESENTATION_STYLE_ASSIGNMENT((#1353));
#1294=PRESENTATION_STYLE_ASSIGNMENT((#1354));
#1295=PRESENTATION_STYLE_ASSIGNMENT((#1355));
#1296=PRESENTATION_STYLE_ASSIGNMENT((#1356));
#1297=PRESENTATION_STYLE_ASSIGNMENT((#1357));
#1298=PRESENTATION_STYLE_ASSIGNMENT((#1358));
#1299=PRESENTATION_STYLE_ASSIGNMENT((#1359));
#1300=PRESENTATION_STYLE_ASSIGNMENT((#1360));
#1301=PRESENTATION_STYLE_ASSIGNMENT((#1361));
#1302=PRESENTATION_STYLE_ASSIGNMENT((#1362));
#1303=PRESENTATION_STYLE_ASSIGNMENT((#1363));
#1304=PRESENTATION_STYLE_ASSIGNMENT((#1364));
#1305=PRESENTATION_STYLE_ASSIGNMENT((#1365));
#1306=PRESENTATION_STYLE_ASSIGNMENT((#1366));
#1307=PRESENTATION_STYLE_ASSIGNMENT((#1367));
#1308=PRESENTATION_STYLE_ASSIGNMENT((#1368));
#1309=PRESENTATION_STYLE_ASSIGNMENT((#1369));
#1310=PRESENTATION_STYLE_ASSIGNMENT((#1370));
#1311=PRESENTATION_STYLE_ASSIGNMENT((#1371));
#1312=PRESENTATION_STYLE_ASSIGNMENT((#1372));
#1313=PRESENTATION_STYLE_ASSIGNMENT((#1373));
#1314=PRESENTATION_STYLE_ASSIGNMENT((#1374));
#1315=PRESENTATION_STYLE_ASSIGNMENT((#1375));
#1316=PRESENTATION_STYLE_ASSIGNMENT((#1376));
#1317=PRESENTATION_STYLE_ASSIGNMENT((#1377));
#1318=PRESENTATION_STYLE_ASSIGNMENT((#1378));
#1319=PRESENTATION_STYLE_ASSIGNMENT((#1379));
#1320=PRESENTATION_STYLE_ASSIGNMENT((#1380));
#1321=PRESENTATION_STYLE_ASSIGNMENT((#1381));
#1322=PRESENTATION_STYLE_ASSIGNMENT((#1382));
#1323=PRESENTATION_STYLE_ASSIGNMENT((#1383));
#1324=PRESENTATION_STYLE_ASSIGNMENT((#1384));
#1325=PRESENTATION_STYLE_ASSIGNMENT((#1385));
#1326=PRESENTATION_STYLE_ASSIGNMENT((#1386));
#1327=PRESENTATION_STYLE_ASSIGNMENT((#1387));
#1328=PRESENTATION_STYLE_ASSIGNMENT((#1388));
#1329=SURFACE_STYLE_USAGE(.BOTH.,#1389);
#1330=SURFACE_STYLE_USAGE(.BOTH.,#1390);
#1331=SURFACE_STYLE_USAGE(.BOTH.,#1391);
#1332=SURFACE_STYLE_USAGE(.BOTH.,#1392);
#1333=SURFACE_STYLE_USAGE(.BOTH.,#1393);
#1334=SURFACE_STYLE_USAGE(.BOTH.,#1394);
#1335=SURFACE_STYLE_USAGE(.BOTH.,#1395);
#1336=SURFACE_STYLE_USAGE(.BOTH.,#1396);
#1337=SURFACE_STYLE_USAGE(.BOTH.,#1397);
#1338=SURFACE_STYLE_USAGE(.BOTH.,#1398);
#1339=SURFACE_STYLE_USAGE(.BOTH.,#1399);
#1340=SURFACE_STYLE_USAGE(.BOTH.,#1400);
#1341=SURFACE_STYLE_USAGE(.BOTH.,#1401);
#1342=SURFACE_STYLE_USAGE(.BOTH.,#1402);
#1343=SURFACE_STYLE_USAGE(.BOTH.,#1403);
#1344=SURFACE_STYLE_USAGE(.BOTH.,#1404);
#1345=SURFACE_STYLE_USAGE(.BOTH.,#1405);
#1346=SURFACE_STYLE_USAGE(.BOTH.,#1406);
#1347=SURFACE_STYLE_USAGE(.BOTH.,#1407);
#1348=SURFACE_STYLE_USAGE(.BOTH.,#1408);
#1349=SURFACE_STYLE_USAGE(.BOTH.,#1409);
#1350=SURFACE_STYLE_USAGE(.BOTH.,#1410);
#1351=SURFACE_STYLE_USAGE(.BOTH.,#1411);
#1352=SURFACE_STYLE_USAGE(.BOTH.,#1412);
#1353=SURFACE_STYLE_USAGE(.BOTH.,#1413);
#1354=SURFACE_STYLE_USAGE(.BOTH.,#1414);
#1355=SURFACE_STYLE_USAGE(.BOTH.,#1415);
#1356=SURFACE_STYLE_USAGE(.BOTH.,#1416);
#1357=SURFACE_STYLE_USAGE(.BOTH.,#1417);
#1358=SURFACE_STYLE_USAGE(.BOTH.,#1418);
#1359=SURFACE_STYLE_USAGE(.BOTH.,#1419);
#1360=SURFACE_STYLE_USAGE(.BOTH.,#1420);
#1361=SURFACE_STYLE_USAGE(.BOTH.,#1421);
#1362=SURFACE_STYLE_USAGE(.BOTH.,#1422);
#1363=SURFACE_STYLE_USAGE(.BOTH.,#1423);
#1364=SURFACE_STYLE_USAGE(.BOTH.,#1424);
#1365=SURFACE_STYLE_USAGE(.BOTH.,#1425);
#1366=SURFACE_STYLE_USAGE(.BOTH.,#1426);
#1367=SURFACE_STYLE_USAGE(.BOTH.,#1427);
#1368=SURFACE_STYLE_USAGE(.BOTH.,#1428);
#1369=SURFACE_STYLE_USAGE(.BOTH.,#1429);
#1370=SURFACE_STYLE_USAGE(.BOTH.,#1430);
#1371=SURFACE_STYLE_USAGE(.BOTH.,#1431);
#1372=SURFACE_STYLE_USAGE(.BOTH.,#1432);
#1373=SURFACE_STYLE_USAGE(.BOTH.,#1433);
#1374=SURFACE_STYLE_USAGE(.BOTH.,#1434);
#1375=SURFACE_STYLE_USAGE(.BOTH.,#1435);
#1376=SURFACE_STYLE_USAGE(.BOTH.,#1436);
#1377=SURFACE_STYLE_USAGE(.BOTH.,#1437);
#1378=SURFACE_STYLE_USAGE(.BOTH.,#1438);
#1379=SURFACE_STYLE_USAGE(.BOTH.,#1439);
#1380=SURFACE_STYLE_USAGE(.BOTH.,#1440);
#1381=SURFACE_STYLE_USAGE(.BOTH.,#1441);
#1382=SURFACE_STYLE_USAGE(.BOTH.,#1442);
#1383=SURFACE_STYLE_USAGE(.BOTH.,#1443);
#1384=SURFACE_STYLE_USAGE(.BOTH.,#1444);
#1385=SURFACE_STYLE_USAGE(.BOTH.,#1445);
#1386=SURFACE_STYLE_USAGE(.BOTH.,#1446);
#1387=SURFACE_STYLE_USAGE(.BOTH.,#1447);
#1388=SURFACE_STYLE_USAGE(.BOTH.,#1448);
#1389=SURFACE_SIDE_STYLE('',(#1449));
#1390=SURFACE_SIDE_STYLE('',(#1450));
#1391=SURFACE_SIDE_STYLE('',(#1451));
#1392=SURFACE_SIDE_STYLE('',(#1452));
#1393=SURFACE_SIDE_STYLE('',(#1453));
#1394=SURFACE_SIDE_STYLE('',(#1454));
#1395=SURFACE_SIDE_STYLE('',(#1455));
#1396=SURFACE_SIDE_STYLE('',(#1456));
#1397=SURFACE_SIDE_STYLE('',(#1457));
#1398=SURFACE_SIDE_STYLE('',(#1458));
#1399=SURFACE_SIDE_STYLE('',(#1459));
#1400=SURFACE_SIDE_STYLE('',(#1460));
#1401=SURFACE_SIDE_STYLE('',(#1461));
#1402=SURFACE_SIDE_STYLE('',(#1462));
#1403=SURFACE_SIDE_STYLE('',(#1463));
#1404=SURFACE_SIDE_STYLE('',(#1464));
#1405=SURFACE_SIDE_STYLE('',(#1465));
#1406=SURFACE_SIDE_STYLE('',(#1466));
#1407=SURFACE_SIDE_STYLE('',(#1467));
#1408=SURFACE_SIDE_STYLE('',(#1468));
#1409=SURFACE_SIDE_STYLE('',(#1469));
#1410=SURFACE_SIDE_STYLE('',(#1470));
#1411=SURFACE_SIDE_STYLE('',(#1471));
#1412=SURFACE_SIDE_STYLE('',(#1472));
#1413=SURFACE_SIDE_STYLE('',(#1473));
#1414=SURFACE_SIDE_STYLE('',(#1474));
#1415=SURFACE_SIDE_STYLE('',(#1475));
#1416=SURFACE_SIDE_STYLE('',(#1476));
#1417=SURFACE_SIDE_STYLE('',(#1477));
#1418=SURFACE_SIDE_STYLE('',(#1478));
#1419=SURFACE_SIDE_STYLE('',(#1479));
#1420=SURFACE_SIDE_STYLE('',(#1480));
#1421=SURFACE_SIDE_STYLE('',(#1481));
#1422=SURFACE_SIDE_STYLE('',(#1482));
#1423=SURFACE_SIDE_STYLE('',(#1483));
#1424=SURFACE_SIDE_STYLE('',(#1484));
#1425=SURFACE_SIDE_STYLE('',(#1485));
#1426=SURFACE_SIDE_STYLE('',(#1486));
#1427=SURFACE_SIDE_STYLE('',(#1487));
#1428=SURFACE_SIDE_STYLE('',(#1488));
#1429=SURFACE_SIDE_STYLE('',(#1489));
#1430=SURFACE_SIDE_STYLE('',(#1490));
#1431=SURFACE_SIDE_STYLE('',(#1491));
#1432=SURFACE_SIDE_STYLE('',(#1492));
#1433=SURFACE_SIDE_STYLE('',(#1493));
#1434=SURFACE_SIDE_STYLE('',(#1494));
#1435=SURFACE_SIDE_STYLE('',(#1495));
#1436=SURFACE_SIDE_STYLE('',(#1496));
#1437=SURFACE_SIDE_STYLE('',(#1497));
#1438=SURFACE_SIDE_STYLE('',(#1498));
#1439=SURFACE_SIDE_STYLE('',(#1499));
#1440=SURFACE_SIDE_STYLE('',(#1500));
#1441=SURFACE_SIDE_STYLE('',(#1501));
#1442=SURFACE_SIDE_STYLE('',(#1502));
#1443=SURFACE_SIDE_STYLE('',(#1503));
#1444=SURFACE_SIDE_STYLE('',(#1504));
#1445=SURFACE_SIDE_STYLE('',(#1505));
#1446=SURFACE_SIDE_STYLE('',(#1506));
#1447=SURFACE_SIDE_STYLE('',(#1507));
#1448=SURFACE_SIDE_STYLE('',(#1508));
#1449=SURFACE_STYLE_FILL_AREA(#1509);
#1450=SURFACE_STYLE_FILL_AREA(#1510);
#1451=SURFACE_STYLE_FILL_AREA(#1511);
#1452=SURFACE_STYLE_FILL_AREA(#1512);
#1453=SURFACE_STYLE_FILL_AREA(#1513);
#1454=SURFACE_STYLE_FILL_AREA(#1514);
#1455=SURFACE_STYLE_FILL_AREA(#1515);
#1456=SURFACE_STYLE_FILL_AREA(#1516);
#1457=SURFACE_STYLE_FILL_AREA(#1517);
#1458=SURFACE_STYLE_FILL_AREA(#1518);
#1459=SURFACE_STYLE_FILL_AREA(#1519);
#1460=SURFACE_STYLE_FILL_AREA(#1520);
#1461=SURFACE_STYLE_FILL_AREA(#1521);
#1462=SURFACE_STYLE_FILL_AREA(#1522);
#1463=SURFACE_STYLE_FILL_AREA(#1523);
#1464=SURFACE_STYLE_FILL_AREA(#1524);
#1465=SURFACE_STYLE_FILL_AREA(#1525);
#1466=SURFACE_STYLE_FILL_AREA(#1526);
#1467=SURFACE_STYLE_FILL_AREA(#1527);
#1468=SURFACE_STYLE_FILL_AREA(#1528);
#1469=SURFACE_STYLE_FILL_AREA(#1529);
#1470=SURFACE_STYLE_FILL_AREA(#1530);
#1471=SURFACE_STYLE_FILL_AREA(#1531);
#1472=SURFACE_STYLE_FILL_AREA(#1532);
#1473=SURFACE_STYLE_FILL_AREA(#1533);
#1474=SURFACE_STYLE_FILL_AREA(#1534);
#1475=SURFACE_STYLE_FILL_AREA(#1535);
#1476=SURFACE_STYLE_FILL_AREA(#1536);
#1477=SURFACE_STYLE_FILL_AREA(#1537);
#1478=SURFACE_STYLE_FILL_AREA(#1538);
#1479=SURFACE_STYLE_FILL_AREA(#1539);
#1480=SURFACE_STYLE_FILL_AREA(#1540);
#1481=SURFACE_STYLE_FILL_AREA(#1541);
#1482=SURFACE_STYLE_FILL_AREA(#1542);
#1483=SURFACE_STYLE_FILL_AREA(#1543);
#1484=SURFACE_STYLE_FILL_AREA(#1544);
#1485=SURFACE_STYLE_FILL_AREA(#1545);
#1486=SURFACE_STYLE_FILL_AREA(#1546);
#1487=SURFACE_STYLE_FILL_AREA(#1547);
#1488=SURFACE_STYLE_FILL_AREA(#1548);
#1489=SURFACE_STYLE_FILL_AREA(#1549);
#1490=SURFACE_STYLE_FILL_AREA(#1550);
#1491=SURFACE_STYLE_FILL_AREA(#1551);
#1492=SURFACE_STYLE_FILL_AREA(#1552);
#1493=SURFACE_STYLE_FILL_AREA(#1553);
#1494=SURFACE_STYLE_FILL_AREA(#1554);
#1495=SURFACE_STYLE_FILL_AREA(#1555);
#1496=SURFACE_STYLE_FILL_AREA(#1556);
#1497=SURFACE_STYLE_FILL_AREA(#1557);
#1498=SURFACE_STYLE_FILL_AREA(#1558);
#1499=SURFACE_STYLE_FILL_AREA(#1559);
#1500=SURFACE_STYLE_FILL_AREA(#1560);
#1501=SURFACE_STYLE_FILL_AREA(#1561);
#1502=SURFACE_STYLE_FILL_AREA(#1562);
#1503=SURFACE_STYLE_FILL_AREA(#1563);
#1504=SURFACE_STYLE_FILL_AREA(#1564);
#1505=SURFACE_STYLE_FILL_AREA(#1565);
#1506=SURFACE_STYLE_FILL_AREA(#1566);
#1507=SURFACE_STYLE_FILL_AREA(#1567);
#1508=SURFACE_STYLE_FILL_AREA(#1568);
#1509=FILL_AREA_STYLE('',(#1569));
#1510=FILL_AREA_STYLE('',(#1570));
#1511=FILL_AREA_STYLE('',(#1571));
#1512=FILL_AREA_STYLE('',(#1572));
#1513=FILL_AREA_STYLE('',(#1573));
#1514=FILL_AREA_STYLE('',(#1574));
#1515=FILL_AREA_STYLE('',(#1575));
#1516=FILL_AREA_STYLE('',(#1576));
#1517=FILL_AREA_STYLE('',(#1577));
#1518=FILL_AREA_STYLE('',(#1578));
#1519=FILL_AREA_STYLE('',(#1579));
#1520=FILL_AREA_STYLE('',(#1580));
#1521=FILL_AREA_STYLE('',(#1581));
#1522=FILL_AREA_STYLE('',(#1582));
#1523=FILL_AREA_STYLE('',(#1583));
#1524=FILL_AREA_STYLE('',(#1584));
#1525=FILL_AREA_STYLE('',(#1585));
#1526=FILL_AREA_STYLE('',(#1586));
#1527=FILL_AREA_STYLE('',(#1587));
#1528=FILL_AREA_STYLE('',(#1588));
#1529=FILL_AREA_STYLE('',(#1589));
#1530=FILL_AREA_STYLE('',(#1590));
#1531=FILL_AREA_STYLE('',(#1591));
#1532=FILL_AREA_STYLE('',(#1592));
#1533=FILL_AREA_STYLE('',(#1593));
#1534=FILL_AREA_STYLE('',(#1594));
#1535=FILL_AREA_STYLE('',(#1595));
#1536=FILL_AREA_STYLE('',(#1596));
#1537=FILL_AREA_STYLE('',(#1597));
#1538=FILL_AREA_STYLE('',(#1598));
#1539=FILL_AREA_STYLE('',(#1599));
#1540=FILL_AREA_STYLE('',(#1600));
#1541=FILL_AREA_STYLE('',(#1601));
#1542=FILL_AREA_STYLE('',(#1602));
#1543=FILL_AREA_STYLE('',(#1603));
#1544=FILL_AREA_STYLE('',(#1604));
#1545=FILL_AREA_STYLE('',(#1605));
#1546=FILL_AREA_STYLE('',(#1606));
#1547=FILL_AREA_STYLE('',(#1607));
#1548=FILL_AREA_STYLE('',(#1608));
#1549=FILL_AREA_STYLE('',(#1609));
#1550=FILL_AREA_STYLE('',(#1610));
#1551=FILL_AREA_STYLE('',(#1611));
#1552=FILL_AREA_STYLE('',(#1612));
#1553=FILL_AREA_STYLE('',(#1613));
#1554=FILL_AREA_STYLE('',(#1614));
#1555=FILL_AREA_STYLE('',(#1615));
#1556=FILL_AREA_STYLE('',(#1616));
#1557=FILL_AREA_STYLE('',(#1617));
#1558=FILL_AREA_STYLE('',(#1618));
#1559=FILL_AREA_STYLE('',(#1619));
#1560=FILL_AREA_STYLE('',(#1620));
#1561=FILL_AREA_STYLE('',(#1621));
#1562=FILL_AREA_STYLE('',(#1622));
#1563=FILL_AREA_STYLE('',(#1623));
#1564=FILL_AREA_STYLE('',(#1624));
#1565=FILL_AREA_STYLE('',(#1625));
#1566=FILL_AREA_STYLE('',(#1626));
#1567=FILL_AREA_STYLE('',(#1627));
#1568=FILL_AREA_STYLE('',(#1628));
#1569=FILL_AREA_STYLE_COLOUR('',#1629);
#1570=FILL_AREA_STYLE_COLOUR('',#1630);
#1571=FILL_AREA_STYLE_COLOUR('',#1630);
#1572=FILL_AREA_STYLE_COLOUR('',#1630);
#1573=FILL_AREA_STYLE_COLOUR('',#1630);
#1574=FILL_AREA_STYLE_COLOUR('',#1630);
#1575=FILL_AREA_STYLE_COLOUR('',#1630);
#1576=FILL_AREA_STYLE_COLOUR('',#1630);
#1577=FILL_AREA_STYLE_COLOUR('',#1630);
#1578=FILL_AREA_STYLE_COLOUR('',#1630);
#1579=FILL_AREA_STYLE_COLOUR('',#1630);
#1580=FILL_AREA_STYLE_COLOUR('',#1630);
#1581=FILL_AREA_STYLE_COLOUR('',#1630);
#1582=FILL_AREA_STYLE_COLOUR('',#1630);
#1583=FILL_AREA_STYLE_COLOUR('',#1630);
#1584=FILL_AREA_STYLE_COLOUR('',#1630);
#1585=FILL_AREA_STYLE_COLOUR('',#1630);
#1586=FILL_AREA_STYLE_COLOUR('',#1630);
#1587=FILL_AREA_STYLE_COLOUR('',#1629);
#1588=FILL_AREA_STYLE_COLOUR('',#1629);
#1589=FILL_AREA_STYLE_COLOUR('',#1630);
#1590=FILL_AREA_STYLE_COLOUR('',#1630);
#1591=FILL_AREA_STYLE_COLOUR('',#1630);
#1592=FILL_AREA_STYLE_COLOUR('',#1630);
#1593=FILL_AREA_STYLE_COLOUR('',#1630);
#1594=FILL_AREA_STYLE_COLOUR('',#1630);
#1595=FILL_AREA_STYLE_COLOUR('',#1630);
#1596=FILL_AREA_STYLE_COLOUR('',#1630);
#1597=FILL_AREA_STYLE_COLOUR('',#1630);
#1598=FILL_AREA_STYLE_COLOUR('',#1630);
#1599=FILL_AREA_STYLE_COLOUR('',#1630);
#1600=FILL_AREA_STYLE_COLOUR('',#1630);
#1601=FILL_AREA_STYLE_COLOUR('',#1630);
#1602=FILL_AREA_STYLE_COLOUR('',#1630);
#1603=FILL_AREA_STYLE_COLOUR('',#1630);
#1604=FILL_AREA_STYLE_COLOUR('',#1630);
#1605=FILL_AREA_STYLE_COLOUR('',#1630);
#1606=FILL_AREA_STYLE_COLOUR('',#1630);
#1607=FILL_AREA_STYLE_COLOUR('',#1630);
#1608=FILL_AREA_STYLE_COLOUR('',#1630);
#1609=FILL_AREA_STYLE_COLOUR('',#1630);
#1610=FILL_AREA_STYLE_COLOUR('',#1630);
#1611=FILL_AREA_STYLE_COLOUR('',#1630);
#1612=FILL_AREA_STYLE_COLOUR('',#1630);
#1613=FILL_AREA_STYLE_COLOUR('',#1630);
#1614=FILL_AREA_STYLE_COLOUR('',#1630);
#1615=FILL_AREA_STYLE_COLOUR('',#1630);
#1616=FILL_AREA_STYLE_COLOUR('',#1630);
#1617=FILL_AREA_STYLE_COLOUR('',#1630);
#1618=FILL_AREA_STYLE_COLOUR('',#1630);
#1619=FILL_AREA_STYLE_COLOUR('',#1630);
#1620=FILL_AREA_STYLE_COLOUR('',#1630);
#1621=FILL_AREA_STYLE_COLOUR('',#1630);
#1622=FILL_AREA_STYLE_COLOUR('',#1630);
#1623=FILL_AREA_STYLE_COLOUR('',#1630);
#1624=FILL_AREA_STYLE_COLOUR('',#1630);
#1625=FILL_AREA_STYLE_COLOUR('',#1630);
#1626=FILL_AREA_STYLE_COLOUR('',#1630);
#1627=FILL_AREA_STYLE_COLOUR('',#1630);
#1628=FILL_AREA_STYLE_COLOUR('',#1630);
#1629=COLOUR_RGB('',0.03999999910593,0.03999999910593,0.050000000745058);
#1630=COLOUR_RGB('',0.87000000476837,0.87000000476837,0.8299999833107);
#1631=ADVANCED_FACE('',(#1122,#1123),#1200,.T.);
#1632=ADVANCED_FACE('',(#1124,#1125),#315,.T.);
#1633=ADVANCED_FACE('',(#1126,#1127),#268,.T.);
#1634=ADVANCED_FACE('',(#1128,#1129),#1201,.T.);
#1635=ADVANCED_FACE('',(#1130,#1131),#1202,.T.);
#1636=ADVANCED_FACE('',(#1132,#1133),#1203,.T.);
#1637=ADVANCED_FACE('',(#1134,#1135),#1204,.T.);
#1638=ADVANCED_FACE('',(#1136,#1137),#1205,.T.);
#1639=ADVANCED_FACE('',(#1138,#1139),#269,.F.);
#1640=ADVANCED_FACE('',(#1140,#1141),#316,.T.);
#1641=ADVANCED_FACE('',(#1142,#1143),#270,.F.);
#1642=ADVANCED_FACE('',(#1144,#1145),#317,.T.);
#1643=ADVANCED_FACE('',(#1146),#271,.F.);
#1644=ADVANCED_FACE('',(#1147,#1148),#272,.F.);
#1645=ADVANCED_FACE('',(#1149,#1150),#1206,.T.);
#1646=ADVANCED_FACE('',(#1151,#1152),#1207,.T.);
#1647=ADVANCED_FACE('',(#1153,#1154),#1208,.T.);
#1648=ADVANCED_FACE('',(#1155,#1156),#273,.F.);
#1649=ADVANCED_FACE('',(#1157,#1158),#318,.T.);
#1650=ADVANCED_FACE('',(#1159),#274,.T.);
#1651=ADVANCED_FACE('',(#1160),#275,.F.);
#1652=ADVANCED_FACE('',(#1161),#276,.F.);
#1653=ADVANCED_FACE('',(#1162),#277,.T.);
#1654=ADVANCED_FACE('',(#1163),#278,.F.);
#1655=ADVANCED_FACE('',(#1164),#279,.F.);
#1656=ADVANCED_FACE('',(#1165),#280,.F.);
#1657=ADVANCED_FACE('',(#1166),#281,.F.);
#1658=ADVANCED_FACE('',(#1167),#282,.T.);
#1659=ADVANCED_FACE('',(#1168),#283,.F.);
#1660=ADVANCED_FACE('',(#1169),#284,.F.);
#1661=ADVANCED_FACE('',(#1170),#285,.F.);
#1662=ADVANCED_FACE('',(#1171),#286,.F.);
#1663=ADVANCED_FACE('',(#1172),#287,.T.);
#1664=ADVANCED_FACE('',(#1173),#288,.F.);
#1665=ADVANCED_FACE('',(#1174),#289,.F.);
#1666=ADVANCED_FACE('',(#1175),#290,.F.);
#1667=ADVANCED_FACE('',(#1176),#291,.F.);
#1668=ADVANCED_FACE('',(#1177),#292,.T.);
#1669=ADVANCED_FACE('',(#1178),#293,.F.);
#1670=ADVANCED_FACE('',(#1179),#294,.F.);
#1671=ADVANCED_FACE('',(#1180),#295,.F.);
#1672=ADVANCED_FACE('',(#1181),#296,.F.);
#1673=ADVANCED_FACE('',(#1182),#297,.T.);
#1674=ADVANCED_FACE('',(#1183),#298,.F.);
#1675=ADVANCED_FACE('',(#1184),#299,.F.);
#1676=ADVANCED_FACE('',(#1185),#300,.F.);
#1677=ADVANCED_FACE('',(#1186),#301,.F.);
#1678=ADVANCED_FACE('',(#1187),#302,.T.);
#1679=ADVANCED_FACE('',(#1188),#303,.F.);
#1680=ADVANCED_FACE('',(#1189),#304,.F.);
#1681=ADVANCED_FACE('',(#1190),#305,.F.);
#1682=ADVANCED_FACE('',(#1191),#306,.F.);
#1683=ADVANCED_FACE('',(#1192),#307,.T.);
#1684=ADVANCED_FACE('',(#1193),#308,.F.);
#1685=ADVANCED_FACE('',(#1194),#309,.F.);
#1686=ADVANCED_FACE('',(#1195),#310,.F.);
#1687=ADVANCED_FACE('',(#1196),#311,.F.);
#1688=ADVANCED_FACE('',(#1197),#312,.T.);
#1689=ADVANCED_FACE('',(#1198),#313,.F.);
#1690=ADVANCED_FACE('',(#1199),#314,.F.);
#1691=CLOSED_SHELL('',(#1631,#1632,#1633,#1634,#1635,#1636,#1637,#1638,
#1639,#1640,#1641,#1642,#1643,#1644,#1645,#1646,#1647,#1648,#1649,#1650,
#1651,#1652,#1653,#1654,#1655,#1656,#1657,#1658,#1659,#1660,#1661,#1662,
#1663,#1664,#1665,#1666,#1667,#1668,#1669,#1670,#1671,#1672,#1673,#1674,
#1675,#1676,#1677,#1678,#1679,#1680,#1681,#1682,#1683,#1684,#1685,#1686,
#1687,#1688,#1689,#1690));
#1692=MANIFOLD_SOLID_BREP('OOH941  Multi-Crit. Fire Det. (0)',#1691);
#1693=SHAPE_DEFINITION_REPRESENTATION(#2606,#1694);
#1694=SHAPE_REPRESENTATION('OOH941  Multi-Crit. Fire Det. (0)',(#1695),
#2601);
#1695=AXIS2_PLACEMENT_3D('',#2105,#1797,#1798);
#1696=AXIS2_PLACEMENT_3D('',#2106,#1799,#1800);
#1697=AXIS2_PLACEMENT_3D('',#2107,#1801,#1802);
#1698=AXIS2_PLACEMENT_3D('',#2109,#1803,#1804);
#1699=AXIS2_PLACEMENT_3D('',#2111,#1805,#1806);
#1700=AXIS2_PLACEMENT_3D('',#2112,#1807,#1808);
#1701=AXIS2_PLACEMENT_3D('',#2114,#1809,#1810);
#1702=AXIS2_PLACEMENT_3D('',#2116,#1811,#1812);
#1703=AXIS2_PLACEMENT_3D('',#2117,#1813,#1814);
#1704=AXIS2_PLACEMENT_3D('',#2119,#1815,#1816);
#1705=AXIS2_PLACEMENT_3D('',#2120,#1817,#1818);
#1706=AXIS2_PLACEMENT_3D('',#2122,#1819,#1820);
#1707=AXIS2_PLACEMENT_3D('',#2123,#1821,#1822);
#1708=AXIS2_PLACEMENT_3D('',#2125,#1823,#1824);
#1709=AXIS2_PLACEMENT_3D('',#2126,#1825,#1826);
#1710=AXIS2_PLACEMENT_3D('',#2128,#1827,#1828);
#1711=AXIS2_PLACEMENT_3D('',#2129,#1829,#1830);
#1712=AXIS2_PLACEMENT_3D('',#2131,#1831,#1832);
#1713=AXIS2_PLACEMENT_3D('',#2132,#1833,#1834);
#1714=AXIS2_PLACEMENT_3D('',#2150,#1835,#1836);
#1715=AXIS2_PLACEMENT_3D('',#2167,#1837,#1838);
#1716=AXIS2_PLACEMENT_3D('',#2184,#1839,#1840);
#1717=AXIS2_PLACEMENT_3D('',#2201,#1841,#1842);
#1718=AXIS2_PLACEMENT_3D('',#2218,#1843,#1844);
#1719=AXIS2_PLACEMENT_3D('',#2235,#1845,#1846);
#1720=AXIS2_PLACEMENT_3D('',#2252,#1847,#1848);
#1721=AXIS2_PLACEMENT_3D('',#2268,#1849,#1850);
#1722=AXIS2_PLACEMENT_3D('',#2309,#1875,#1876);
#1723=AXIS2_PLACEMENT_3D('',#2310,#1877,#1878);
#1724=AXIS2_PLACEMENT_3D('',#2312,#1879,#1880);
#1725=AXIS2_PLACEMENT_3D('',#2313,#1881,#1882);
#1726=AXIS2_PLACEMENT_3D('',#2315,#1883,#1884);
#1727=AXIS2_PLACEMENT_3D('',#2316,#1885,#1886);
#1728=AXIS2_PLACEMENT_3D('',#2318,#1887,#1888);
#1729=AXIS2_PLACEMENT_3D('',#2319,#1889,#1890);
#1730=AXIS2_PLACEMENT_3D('',#2320,#1891,#1892);
#1731=AXIS2_PLACEMENT_3D('',#2322,#1893,#1894);
#1732=AXIS2_PLACEMENT_3D('',#2324,#1895,#1896);
#1733=AXIS2_PLACEMENT_3D('',#2325,#1897,#1898);
#1734=AXIS2_PLACEMENT_3D('',#2327,#1899,#1900);
#1735=AXIS2_PLACEMENT_3D('',#2328,#1901,#1902);
#1736=AXIS2_PLACEMENT_3D('',#2330,#1903,#1904);
#1737=AXIS2_PLACEMENT_3D('',#2331,#1905,#1906);
#1738=AXIS2_PLACEMENT_3D('',#2339,#1907,#1908);
#1739=AXIS2_PLACEMENT_3D('',#2346,#1909,#1910);
#1740=AXIS2_PLACEMENT_3D('',#2353,#1911,#1912);
#1741=AXIS2_PLACEMENT_3D('',#2360,#1913,#1914);
#1742=AXIS2_PLACEMENT_3D('',#2367,#1915,#1916);
#1743=AXIS2_PLACEMENT_3D('',#2374,#1917,#1918);
#1744=AXIS2_PLACEMENT_3D('',#2381,#1919,#1920);
#1745=AXIS2_PLACEMENT_3D('',#2388,#1921,#1922);
#1746=AXIS2_PLACEMENT_3D('',#2395,#1923,#1924);
#1747=AXIS2_PLACEMENT_3D('',#2402,#1925,#1926);
#1748=AXIS2_PLACEMENT_3D('',#2409,#1927,#1928);
#1749=AXIS2_PLACEMENT_3D('',#2416,#1929,#1930);
#1750=AXIS2_PLACEMENT_3D('',#2423,#1931,#1932);
#1751=AXIS2_PLACEMENT_3D('',#2430,#1933,#1934);
#1752=AXIS2_PLACEMENT_3D('',#2437,#1935,#1936);
#1753=AXIS2_PLACEMENT_3D('',#2443,#1937,#1938);
#1754=AXIS2_PLACEMENT_3D('',#2484,#1963,#1964);
#1755=AXIS2_PLACEMENT_3D('',#2485,#1965,#1966);
#1756=AXIS2_PLACEMENT_3D('',#2487,#1967,#1968);
#1757=AXIS2_PLACEMENT_3D('',#2488,#1969,#1970);
#1758=AXIS2_PLACEMENT_3D('',#2494,#1974,#1975);
#1759=AXIS2_PLACEMENT_3D('',#2497,#1978,#1979);
#1760=AXIS2_PLACEMENT_3D('',#2499,#1981,#1982);
#1761=AXIS2_PLACEMENT_3D('',#2501,#1984,#1985);
#1762=AXIS2_PLACEMENT_3D('',#2502,#1986,#1987);
#1763=AXIS2_PLACEMENT_3D('',#2508,#1991,#1992);
#1764=AXIS2_PLACEMENT_3D('',#2511,#1995,#1996);
#1765=AXIS2_PLACEMENT_3D('',#2513,#1998,#1999);
#1766=AXIS2_PLACEMENT_3D('',#2515,#2001,#2002);
#1767=AXIS2_PLACEMENT_3D('',#2516,#2003,#2004);
#1768=AXIS2_PLACEMENT_3D('',#2522,#2008,#2009);
#1769=AXIS2_PLACEMENT_3D('',#2525,#2012,#2013);
#1770=AXIS2_PLACEMENT_3D('',#2527,#2015,#2016);
#1771=AXIS2_PLACEMENT_3D('',#2529,#2018,#2019);
#1772=AXIS2_PLACEMENT_3D('',#2530,#2020,#2021);
#1773=AXIS2_PLACEMENT_3D('',#2536,#2025,#2026);
#1774=AXIS2_PLACEMENT_3D('',#2539,#2029,#2030);
#1775=AXIS2_PLACEMENT_3D('',#2541,#2032,#2033);
#1776=AXIS2_PLACEMENT_3D('',#2543,#2035,#2036);
#1777=AXIS2_PLACEMENT_3D('',#2544,#2037,#2038);
#1778=AXIS2_PLACEMENT_3D('',#2550,#2042,#2043);
#1779=AXIS2_PLACEMENT_3D('',#2553,#2046,#2047);
#1780=AXIS2_PLACEMENT_3D('',#2555,#2049,#2050);
#1781=AXIS2_PLACEMENT_3D('',#2557,#2052,#2053);
#1782=AXIS2_PLACEMENT_3D('',#2558,#2054,#2055);
#1783=AXIS2_PLACEMENT_3D('',#2564,#2059,#2060);
#1784=AXIS2_PLACEMENT_3D('',#2567,#2063,#2064);
#1785=AXIS2_PLACEMENT_3D('',#2569,#2066,#2067);
#1786=AXIS2_PLACEMENT_3D('',#2571,#2069,#2070);
#1787=AXIS2_PLACEMENT_3D('',#2572,#2071,#2072);
#1788=AXIS2_PLACEMENT_3D('',#2578,#2076,#2077);
#1789=AXIS2_PLACEMENT_3D('',#2581,#2080,#2081);
#1790=AXIS2_PLACEMENT_3D('',#2583,#2083,#2084);
#1791=AXIS2_PLACEMENT_3D('',#2585,#2086,#2087);
#1792=AXIS2_PLACEMENT_3D('',#2586,#2088,#2089);
#1793=AXIS2_PLACEMENT_3D('',#2592,#2093,#2094);
#1794=AXIS2_PLACEMENT_3D('',#2595,#2097,#2098);
#1795=AXIS2_PLACEMENT_3D('',#2597,#2100,#2101);
#1796=AXIS2_PLACEMENT_3D('',#2599,#2103,#2104);
#1797=DIRECTION('',(0.,0.,1.));
#1798=DIRECTION('',(1.,0.,0.));
#1799=DIRECTION('',(0.,0.,1.));
#1800=DIRECTION('',(1.,0.,0.));
#1801=DIRECTION('',(0.,0.,-1.));
#1802=DIRECTION('',(-1.,0.,0.));
#1803=DIRECTION('',(0.,0.,-1.));
#1804=DIRECTION('',(-1.,0.,0.));
#1805=DIRECTION('',(0.,0.,1.));
#1806=DIRECTION('',(1.,0.,0.));
#1807=DIRECTION('',(0.,0.,-1.));
#1808=DIRECTION('',(0.,-1.,0.));
#1809=DIRECTION('',(0.,0.,-1.));
#1810=DIRECTION('',(-1.,0.,0.));
#1811=DIRECTION('',(0.,0.,-1.));
#1812=DIRECTION('',(-1.,0.,0.));
#1813=DIRECTION('',(0.,0.,-1.));
#1814=DIRECTION('',(-1.,0.,0.));
#1815=DIRECTION('',(0.,0.,1.));
#1816=DIRECTION('',(1.,0.,0.));
#1817=DIRECTION('',(0.,0.,-1.));
#1818=DIRECTION('',(-1.,0.,0.));
#1819=DIRECTION('',(0.,0.,-1.));
#1820=DIRECTION('',(-1.,0.,0.));
#1821=DIRECTION('',(0.,0.,-1.));
#1822=DIRECTION('',(0.,-1.,0.));
#1823=DIRECTION('',(0.,0.,1.));
#1824=DIRECTION('',(1.,0.,0.));
#1825=DIRECTION('',(0.,0.,-1.));
#1826=DIRECTION('',(-1.,0.,0.));
#1827=DIRECTION('',(0.,0.,1.));
#1828=DIRECTION('',(1.,0.,0.));
#1829=DIRECTION('',(0.,0.,-1.));
#1830=DIRECTION('',(-1.,0.,0.));
#1831=DIRECTION('',(0.,0.,1.));
#1832=DIRECTION('',(1.,0.,0.));
#1833=DIRECTION('',(0.,0.,-1.));
#1834=DIRECTION('',(-1.,0.,0.));
#1835=DIRECTION('',(0.,0.,-1.));
#1836=DIRECTION('',(-1.,0.,0.));
#1837=DIRECTION('',(0.,0.,-1.));
#1838=DIRECTION('',(-1.,0.,0.));
#1839=DIRECTION('',(0.,0.,-1.));
#1840=DIRECTION('',(-1.,0.,0.));
#1841=DIRECTION('',(0.,0.,-1.));
#1842=DIRECTION('',(-1.,0.,0.));
#1843=DIRECTION('',(0.,0.,-1.));
#1844=DIRECTION('',(-1.,0.,0.));
#1845=DIRECTION('',(0.,0.,-1.));
#1846=DIRECTION('',(-1.,0.,0.));
#1847=DIRECTION('',(0.,0.,-1.));
#1848=DIRECTION('',(-1.,0.,0.));
#1849=DIRECTION('',(0.,0.,1.));
#1850=DIRECTION('',(1.,0.,0.));
#1851=DIRECTION('',(1.,0.,0.));
#1852=DIRECTION('',(0.,-1.,0.));
#1853=DIRECTION('',(0.,-1.,0.));
#1854=DIRECTION('',(1.,0.,0.));
#1855=DIRECTION('',(0.,-1.,0.));
#1856=DIRECTION('',(-1.,0.,0.));
#1857=DIRECTION('',(0.,-1.,0.));
#1858=DIRECTION('',(-1.,0.,0.));
#1859=DIRECTION('',(-1.,0.,0.));
#1860=DIRECTION('',(0.,-1.,0.));
#1861=DIRECTION('',(-1.,0.,0.));
#1862=DIRECTION('',(0.,1.,0.));
#1863=DIRECTION('',(-1.,0.,0.));
#1864=DIRECTION('',(0.,1.,0.));
#1865=DIRECTION('',(0.,1.,0.));
#1866=DIRECTION('',(-1.,0.,0.));
#1867=DIRECTION('',(0.,1.,0.));
#1868=DIRECTION('',(1.,0.,0.));
#1869=DIRECTION('',(0.,1.,0.));
#1870=DIRECTION('',(1.,0.,0.));
#1871=DIRECTION('',(1.,0.,0.));
#1872=DIRECTION('',(0.,1.,0.));
#1873=DIRECTION('',(1.,0.,0.));
#1874=DIRECTION('',(0.,-1.,0.));
#1875=DIRECTION('',(0.,0.,1.));
#1876=DIRECTION('',(1.,0.,0.));
#1877=DIRECTION('',(0.,0.,-1.));
#1878=DIRECTION('',(0.,-1.,0.));
#1879=DIRECTION('',(0.,0.,-1.));
#1880=DIRECTION('',(-1.,0.,0.));
#1881=DIRECTION('',(0.,0.,-1.));
#1882=DIRECTION('',(-1.,0.,0.));
#1883=DIRECTION('',(0.,0.,1.));
#1884=DIRECTION('',(1.,0.,0.));
#1885=DIRECTION('',(0.,0.,-1.));
#1886=DIRECTION('',(0.,1.,0.));
#1887=DIRECTION('',(0.,0.,-1.));
#1888=DIRECTION('',(-1.,0.,0.));
#1889=DIRECTION('',(0.,0.,1.));
#1890=DIRECTION('',(1.,0.,0.));
#1891=DIRECTION('',(0.,0.,1.));
#1892=DIRECTION('',(1.,0.,0.));
#1893=DIRECTION('',(0.,0.,1.));
#1894=DIRECTION('',(1.,0.,0.));
#1895=DIRECTION('',(0.,0.,1.));
#1896=DIRECTION('',(1.,0.,0.));
#1897=DIRECTION('',(0.,0.,1.));
#1898=DIRECTION('',(1.,0.,0.));
#1899=DIRECTION('',(0.,0.,1.));
#1900=DIRECTION('',(1.,0.,0.));
#1901=DIRECTION('',(0.,0.,1.));
#1902=DIRECTION('',(1.,0.,0.));
#1903=DIRECTION('',(0.,0.,1.));
#1904=DIRECTION('',(1.,0.,0.));
#1905=DIRECTION('',(0.,0.,1.));
#1906=DIRECTION('',(1.,0.,0.));
#1907=DIRECTION('',(0.,0.,1.));
#1908=DIRECTION('',(1.,0.,0.));
#1909=DIRECTION('',(0.,0.,1.));
#1910=DIRECTION('',(1.,0.,0.));
#1911=DIRECTION('',(0.,0.,1.));
#1912=DIRECTION('',(1.,0.,0.));
#1913=DIRECTION('',(0.,0.,1.));
#1914=DIRECTION('',(1.,0.,0.));
#1915=DIRECTION('',(0.,0.,1.));
#1916=DIRECTION('',(1.,0.,0.));
#1917=DIRECTION('',(0.,0.,1.));
#1918=DIRECTION('',(1.,0.,0.));
#1919=DIRECTION('',(0.,0.,1.));
#1920=DIRECTION('',(1.,0.,0.));
#1921=DIRECTION('',(0.,0.,1.));
#1922=DIRECTION('',(1.,0.,0.));
#1923=DIRECTION('',(0.,0.,1.));
#1924=DIRECTION('',(1.,0.,0.));
#1925=DIRECTION('',(0.,0.,1.));
#1926=DIRECTION('',(1.,0.,0.));
#1927=DIRECTION('',(0.,0.,1.));
#1928=DIRECTION('',(1.,0.,0.));
#1929=DIRECTION('',(0.,0.,1.));
#1930=DIRECTION('',(1.,0.,0.));
#1931=DIRECTION('',(0.,0.,1.));
#1932=DIRECTION('',(1.,0.,0.));
#1933=DIRECTION('',(0.,0.,1.));
#1934=DIRECTION('',(1.,0.,0.));
#1935=DIRECTION('',(0.,0.,1.));
#1936=DIRECTION('',(1.,0.,0.));
#1937=DIRECTION('',(0.,0.,-1.));
#1938=DIRECTION('',(-1.,0.,0.));
#1939=DIRECTION('',(0.,1.,0.));
#1940=DIRECTION('',(-1.,0.,0.));
#1941=DIRECTION('',(0.,1.,0.));
#1942=DIRECTION('',(-1.,0.,0.));
#1943=DIRECTION('',(0.,-1.,0.));
#1944=DIRECTION('',(-1.,0.,0.));
#1945=DIRECTION('',(-1.,0.,0.));
#1946=DIRECTION('',(0.,-1.,0.));
#1947=DIRECTION('',(-1.,0.,0.));
#1948=DIRECTION('',(0.,-1.,0.));
#1949=DIRECTION('',(1.,0.,0.));
#1950=DIRECTION('',(0.,-1.,0.));
#1951=DIRECTION('',(0.,-1.,0.));
#1952=DIRECTION('',(1.,0.,0.));
#1953=DIRECTION('',(0.,-1.,0.));
#1954=DIRECTION('',(1.,0.,0.));
#1955=DIRECTION('',(0.,1.,0.));
#1956=DIRECTION('',(1.,0.,0.));
#1957=DIRECTION('',(1.,0.,0.));
#1958=DIRECTION('',(0.,1.,0.));
#1959=DIRECTION('',(1.,0.,0.));
#1960=DIRECTION('',(0.,1.,0.));
#1961=DIRECTION('',(-1.,0.,0.));
#1962=DIRECTION('',(0.,1.,0.));
#1963=DIRECTION('',(0.,0.,1.));
#1964=DIRECTION('',(1.,0.,0.));
#1965=DIRECTION('',(0.,0.,-1.));
#1966=DIRECTION('',(0.,1.,0.));
#1967=DIRECTION('',(0.,0.,-1.));
#1968=DIRECTION('',(-1.,0.,0.));
#1969=DIRECTION('',(-0.852711641588296,0.,0.522381906558596));
#1970=DIRECTION('',(0.522381906558596,0.,0.852711641588296));
#1971=DIRECTION('',(0.522381906558596,0.,0.852711641588296));
#1972=DIRECTION('',(0.522381906558596,0.,0.852711641588296));
#1973=DIRECTION('',(0.,1.,0.));
#1974=DIRECTION('',(1.,0.,0.));
#1975=DIRECTION('',(0.,0.,-1.));
#1976=DIRECTION('',(0.,0.,-1.));
#1977=DIRECTION('',(0.,0.,-1.));
#1978=DIRECTION('',(0.,-1.,0.));
#1979=DIRECTION('',(0.,0.,-1.));
#1980=DIRECTION('',(1.,0.,0.));
#1981=DIRECTION('',(0.,-1.,0.));
#1982=DIRECTION('',(0.,0.,-1.));
#1983=DIRECTION('',(1.,0.,0.));
#1984=DIRECTION('',(0.,0.,1.));
#1985=DIRECTION('',(1.,0.,0.));
#1986=DIRECTION('',(0.,-0.852711641588296,0.522381906558596));
#1987=DIRECTION('',(0.,-0.522381906558596,-0.852711641588296));
#1988=DIRECTION('',(0.,0.522381906558596,0.852711641588296));
#1989=DIRECTION('',(0.,0.522381906558596,0.852711641588296));
#1990=DIRECTION('',(-1.,0.,0.));
#1991=DIRECTION('',(0.,1.,0.));
#1992=DIRECTION('',(0.,0.,1.));
#1993=DIRECTION('',(0.,0.,-1.));
#1994=DIRECTION('',(0.,0.,-1.));
#1995=DIRECTION('',(1.,0.,0.));
#1996=DIRECTION('',(0.,0.,-1.));
#1997=DIRECTION('',(0.,1.,0.));
#1998=DIRECTION('',(1.,0.,0.));
#1999=DIRECTION('',(0.,0.,-1.));
#2000=DIRECTION('',(0.,1.,0.));
#2001=DIRECTION('',(0.,0.,1.));
#2002=DIRECTION('',(1.,0.,0.));
#2003=DIRECTION('',(0.852711641588296,0.,0.522381906558596));
#2004=DIRECTION('',(0.522381906558596,0.,-0.852711641588296));
#2005=DIRECTION('',(-0.522381906558596,0.,0.852711641588296));
#2006=DIRECTION('',(-0.522381906558596,0.,0.852711641588296));
#2007=DIRECTION('',(0.,-1.,0.));
#2008=DIRECTION('',(-1.,0.,0.));
#2009=DIRECTION('',(0.,0.,1.));
#2010=DIRECTION('',(0.,0.,-1.));
#2011=DIRECTION('',(0.,0.,-1.));
#2012=DIRECTION('',(0.,1.,0.));
#2013=DIRECTION('',(0.,0.,1.));
#2014=DIRECTION('',(-1.,0.,0.));
#2015=DIRECTION('',(0.,1.,0.));
#2016=DIRECTION('',(0.,0.,1.));
#2017=DIRECTION('',(-1.,0.,0.));
#2018=DIRECTION('',(0.,0.,1.));
#2019=DIRECTION('',(1.,0.,0.));
#2020=DIRECTION('',(0.,0.852711641588296,0.522381906558596));
#2021=DIRECTION('',(0.,-0.522381906558596,0.852711641588296));
#2022=DIRECTION('',(0.,-0.522381906558596,0.852711641588296));
#2023=DIRECTION('',(0.,-0.522381906558596,0.852711641588296));
#2024=DIRECTION('',(1.,0.,0.));
#2025=DIRECTION('',(0.,-1.,0.));
#2026=DIRECTION('',(0.,0.,-1.));
#2027=DIRECTION('',(0.,0.,-1.));
#2028=DIRECTION('',(0.,0.,-1.));
#2029=DIRECTION('',(-1.,0.,0.));
#2030=DIRECTION('',(0.,0.,1.));
#2031=DIRECTION('',(0.,-1.,0.));
#2032=DIRECTION('',(-1.,0.,0.));
#2033=DIRECTION('',(0.,0.,1.));
#2034=DIRECTION('',(0.,-1.,0.));
#2035=DIRECTION('',(0.,0.,1.));
#2036=DIRECTION('',(1.,0.,0.));
#2037=DIRECTION('',(-0.852711641588296,0.,0.522381906558596));
#2038=DIRECTION('',(0.522381906558596,0.,0.852711641588296));
#2039=DIRECTION('',(0.522381906558596,0.,0.852711641588296));
#2040=DIRECTION('',(0.522381906558596,0.,0.852711641588296));
#2041=DIRECTION('',(0.,1.,0.));
#2042=DIRECTION('',(1.,0.,0.));
#2043=DIRECTION('',(0.,0.,-1.));
#2044=DIRECTION('',(0.,0.,-1.));
#2045=DIRECTION('',(0.,0.,-1.));
#2046=DIRECTION('',(0.,-1.,0.));
#2047=DIRECTION('',(0.,0.,-1.));
#2048=DIRECTION('',(1.,0.,0.));
#2049=DIRECTION('',(0.,-1.,0.));
#2050=DIRECTION('',(0.,0.,-1.));
#2051=DIRECTION('',(1.,0.,0.));
#2052=DIRECTION('',(0.,0.,1.));
#2053=DIRECTION('',(1.,0.,0.));
#2054=DIRECTION('',(0.,-0.852711641588296,0.522381906558596));
#2055=DIRECTION('',(0.,-0.522381906558596,-0.852711641588296));
#2056=DIRECTION('',(0.,0.522381906558596,0.852711641588296));
#2057=DIRECTION('',(0.,0.522381906558596,0.852711641588296));
#2058=DIRECTION('',(-1.,0.,0.));
#2059=DIRECTION('',(0.,1.,0.));
#2060=DIRECTION('',(0.,0.,1.));
#2061=DIRECTION('',(0.,0.,-1.));
#2062=DIRECTION('',(0.,0.,-1.));
#2063=DIRECTION('',(1.,0.,0.));
#2064=DIRECTION('',(0.,0.,-1.));
#2065=DIRECTION('',(0.,1.,0.));
#2066=DIRECTION('',(1.,0.,0.));
#2067=DIRECTION('',(0.,0.,-1.));
#2068=DIRECTION('',(0.,1.,0.));
#2069=DIRECTION('',(0.,0.,1.));
#2070=DIRECTION('',(1.,0.,0.));
#2071=DIRECTION('',(0.852711641588296,0.,0.522381906558596));
#2072=DIRECTION('',(0.522381906558596,0.,-0.852711641588296));
#2073=DIRECTION('',(-0.522381906558596,0.,0.852711641588296));
#2074=DIRECTION('',(-0.522381906558596,0.,0.852711641588296));
#2075=DIRECTION('',(0.,-1.,0.));
#2076=DIRECTION('',(-1.,0.,0.));
#2077=DIRECTION('',(0.,0.,1.));
#2078=DIRECTION('',(0.,0.,-1.));
#2079=DIRECTION('',(0.,0.,-1.));
#2080=DIRECTION('',(0.,1.,0.));
#2081=DIRECTION('',(0.,0.,1.));
#2082=DIRECTION('',(-1.,0.,0.));
#2083=DIRECTION('',(0.,1.,0.));
#2084=DIRECTION('',(0.,0.,1.));
#2085=DIRECTION('',(-1.,0.,0.));
#2086=DIRECTION('',(0.,0.,1.));
#2087=DIRECTION('',(1.,0.,0.));
#2088=DIRECTION('',(0.,0.852711641588296,0.522381906558596));
#2089=DIRECTION('',(0.,-0.522381906558596,0.852711641588296));
#2090=DIRECTION('',(0.,-0.522381906558596,0.852711641588296));
#2091=DIRECTION('',(0.,-0.522381906558596,0.852711641588296));
#2092=DIRECTION('',(1.,0.,0.));
#2093=DIRECTION('',(0.,-1.,0.));
#2094=DIRECTION('',(0.,0.,-1.));
#2095=DIRECTION('',(0.,0.,-1.));
#2096=DIRECTION('',(0.,0.,-1.));
#2097=DIRECTION('',(-1.,0.,0.));
#2098=DIRECTION('',(0.,0.,1.));
#2099=DIRECTION('',(0.,-1.,0.));
#2100=DIRECTION('',(-1.,0.,0.));
#2101=DIRECTION('',(0.,0.,1.));
#2102=DIRECTION('',(0.,-1.,0.));
#2103=DIRECTION('',(0.,0.,1.));
#2104=DIRECTION('',(1.,0.,0.));
#2105=CARTESIAN_POINT('',(0.,0.,0.));
#2106=CARTESIAN_POINT('',(0.,0.,-23.4599991));
#2107=CARTESIAN_POINT('',(0.,0.,-23.4599991));
#2108=CARTESIAN_POINT('',(-30.,0.,-23.4599991));
#2109=CARTESIAN_POINT('',(0.,0.,-33.4999996));
#2110=CARTESIAN_POINT('',(-15.0891081683168,0.,-33.4999996));
#2111=CARTESIAN_POINT('',(0.,0.,-17.36));
#2112=CARTESIAN_POINT('',(0.,0.,-17.36));
#2113=CARTESIAN_POINT('',(0.,-52.,-17.36));
#2114=CARTESIAN_POINT('',(0.,0.,-15.5));
#2115=CARTESIAN_POINT('',(-52.,0.,-15.5));
#2116=CARTESIAN_POINT('',(0.,0.,-17.36));
#2117=CARTESIAN_POINT('',(0.,0.,-17.36));
#2118=CARTESIAN_POINT('',(-47.5000003,0.,-17.36));
#2119=CARTESIAN_POINT('',(0.,0.,-16.3600006));
#2120=CARTESIAN_POINT('',(0.,0.,-18.3600006));
#2121=CARTESIAN_POINT('',(-47.,0.,-18.3600006));
#2122=CARTESIAN_POINT('',(0.,0.,-14.));
#2123=CARTESIAN_POINT('',(0.,0.,-14.));
#2124=CARTESIAN_POINT('',(0.,-50.,-14.));
#2125=CARTESIAN_POINT('',(0.,0.,-18.3600006));
#2126=CARTESIAN_POINT('',(0.,0.,-20.3600006));
#2127=CARTESIAN_POINT('',(-45.5,0.,-20.3600006));
#2128=CARTESIAN_POINT('',(0.,0.,-20.3600006));
#2129=CARTESIAN_POINT('',(0.,0.,-22.4600006));
#2130=CARTESIAN_POINT('',(-43.,0.,-22.4600006));
#2131=CARTESIAN_POINT('',(0.,0.,-22.4599991));
#2132=CARTESIAN_POINT('',(0.,0.,-23.4599991));
#2133=CARTESIAN_POINT('',(2.,-39.9499687108764,-23.4599991));
#2134=CARTESIAN_POINT('',(-1.9988,-39.9500287679496,-23.4599991));
#2135=CARTESIAN_POINT('',(2.,-39.9499687108764,-23.4599991));
#2136=CARTESIAN_POINT('',(2.,-40.886878336033,-23.1480865149173));
#2137=CARTESIAN_POINT('',(2.,-41.8237797775161,-22.836149341053));
#2138=CARTESIAN_POINT('',(2.,-42.7606745466682,-22.5241921194093));
#2139=CARTESIAN_POINT('',(2.,-42.7606745466682,-22.5241921194093));
#2140=CARTESIAN_POINT('',(4.,-42.796542139915,-22.46564354808));
#2141=CARTESIAN_POINT('',(3.33359226478388,-42.7806463420422,-22.4915911004899));
#2142=CARTESIAN_POINT('',(2.66692707993741,-42.7686679300645,-22.5111440965124));
#2143=CARTESIAN_POINT('',(2.,-42.7606745466682,-22.5241921194093));
#2144=CARTESIAN_POINT('',(4.,-42.796542139915,-22.46564354808));
#2145=CARTESIAN_POINT('',(4.,-39.7994974842648,-23.4599991));
#2146=CARTESIAN_POINT('',(4.,-40.7985470248067,-23.1286518527046));
#2147=CARTESIAN_POINT('',(4.,-41.7975595027505,-22.7971927359718));
#2148=CARTESIAN_POINT('',(4.,-42.796542139915,-22.46564354808));
#2149=CARTESIAN_POINT('',(4.,-39.7994974842648,-23.4599991));
#2150=CARTESIAN_POINT('',(0.,0.,-23.4599991));
#2151=CARTESIAN_POINT('',(39.7994974842648,-4.,-23.4599991));
#2152=CARTESIAN_POINT('',(39.7994974842648,-4.,-23.4599991));
#2153=CARTESIAN_POINT('',(40.7985470248067,-4.,-23.1286518527046));
#2154=CARTESIAN_POINT('',(41.7975595027505,-4.,-22.7971927359718));
#2155=CARTESIAN_POINT('',(42.796542139915,-4.,-22.46564354808));
#2156=CARTESIAN_POINT('',(42.796542139915,-4.,-22.46564354808));
#2157=CARTESIAN_POINT('',(42.7606745466682,-2.,-22.5241921194093));
#2158=CARTESIAN_POINT('',(42.7686679300645,-2.66692707993741,-22.5111440965124));
#2159=CARTESIAN_POINT('',(42.7806463420422,-3.33359226478388,-22.4915911004899));
#2160=CARTESIAN_POINT('',(42.796542139915,-4.,-22.46564354808));
#2161=CARTESIAN_POINT('',(42.7606745466682,-2.,-22.5241921194093));
#2162=CARTESIAN_POINT('',(39.9499687108764,-2.,-23.4599991));
#2163=CARTESIAN_POINT('',(40.886878336033,-2.,-23.1480865149173));
#2164=CARTESIAN_POINT('',(41.8237797775161,-2.,-22.836149341053));
#2165=CARTESIAN_POINT('',(42.7606745466682,-2.,-22.5241921194093));
#2166=CARTESIAN_POINT('',(39.9499687108764,-2.,-23.4599991));
#2167=CARTESIAN_POINT('',(0.,0.,-23.4599991));
#2168=CARTESIAN_POINT('',(39.9499687108764,2.,-23.4599991));
#2169=CARTESIAN_POINT('',(39.9499687108764,2.,-23.4599991));
#2170=CARTESIAN_POINT('',(40.886878336033,2.,-23.1480865149173));
#2171=CARTESIAN_POINT('',(41.8237797775161,2.,-22.836149341053));
#2172=CARTESIAN_POINT('',(42.7606745466682,2.,-22.5241921194093));
#2173=CARTESIAN_POINT('',(42.7606745466682,2.,-22.5241921194093));
#2174=CARTESIAN_POINT('',(42.796542139915,4.,-22.46564354808));
#2175=CARTESIAN_POINT('',(42.7806463420422,3.33359226478388,-22.4915911004899));
#2176=CARTESIAN_POINT('',(42.7686679300645,2.66692707993741,-22.5111440965124));
#2177=CARTESIAN_POINT('',(42.7606745466682,2.,-22.5241921194093));
#2178=CARTESIAN_POINT('',(42.796542139915,4.,-22.46564354808));
#2179=CARTESIAN_POINT('',(39.7994974842648,4.,-23.4599991));
#2180=CARTESIAN_POINT('',(40.7985470248067,4.,-23.1286518527046));
#2181=CARTESIAN_POINT('',(41.7975595027505,4.,-22.7971927359718));
#2182=CARTESIAN_POINT('',(42.796542139915,4.,-22.46564354808));
#2183=CARTESIAN_POINT('',(39.7994974842648,4.,-23.4599991));
#2184=CARTESIAN_POINT('',(0.,0.,-23.4599991));
#2185=CARTESIAN_POINT('',(3.9988,39.7996180705293,-23.4599991));
#2186=CARTESIAN_POINT('',(3.9988,39.7996180705293,-23.4599991));
#2187=CARTESIAN_POINT('',(3.9988,40.7986178518549,-23.1286673520891));
#2188=CARTESIAN_POINT('',(3.9988,41.7975805963803,-22.7972238130159));
#2189=CARTESIAN_POINT('',(3.9988,42.7965135205989,-22.4656902649047));
#2190=CARTESIAN_POINT('',(3.9988,42.7965135205989,-22.4656902649047));
#2191=CARTESIAN_POINT('',(1.9988,42.7606601684967,-22.5242155896598));
#2192=CARTESIAN_POINT('',(2.66572697879912,42.7686487704701,-22.5111753717327));
#2193=CARTESIAN_POINT('',(3.3323921648018,42.7806224267556,-22.4916301386784));
#2194=CARTESIAN_POINT('',(3.9988,42.7965135205989,-22.4656902649047));
#2195=CARTESIAN_POINT('',(1.9988,42.7606601684967,-22.5242155896598));
#2196=CARTESIAN_POINT('',(1.9988,39.9500287679496,-23.4599991));
#2197=CARTESIAN_POINT('',(1.9988,40.8869135717628,-23.1480943094617));
#2198=CARTESIAN_POINT('',(1.9988,41.8237902021389,-22.8361649609442));
#2199=CARTESIAN_POINT('',(1.9988,42.7606601684967,-22.5242155896598));
#2200=CARTESIAN_POINT('',(1.9988,39.9500287679496,-23.4599991));
#2201=CARTESIAN_POINT('',(0.,0.,-23.4599991));
#2202=CARTESIAN_POINT('',(-2.,39.9499687108764,-23.4599991));
#2203=CARTESIAN_POINT('',(-2.,39.9499687108764,-23.4599991));
#2204=CARTESIAN_POINT('',(-2.,40.886878336033,-23.1480865149173));
#2205=CARTESIAN_POINT('',(-2.,41.8237797775161,-22.836149341053));
#2206=CARTESIAN_POINT('',(-2.,42.7606745466682,-22.5241921194093));
#2207=CARTESIAN_POINT('',(-2.,42.7606745466682,-22.5241921194093));
#2208=CARTESIAN_POINT('',(-4.,42.796542139915,-22.46564354808));
#2209=CARTESIAN_POINT('',(-3.33359226478388,42.7806463420422,-22.4915911004899));
#2210=CARTESIAN_POINT('',(-2.66692707993741,42.7686679300645,-22.5111440965124));
#2211=CARTESIAN_POINT('',(-2.,42.7606745466682,-22.5241921194093));
#2212=CARTESIAN_POINT('',(-4.,42.796542139915,-22.46564354808));
#2213=CARTESIAN_POINT('',(-4.,39.7994974842648,-23.4599991));
#2214=CARTESIAN_POINT('',(-4.,40.7985470248067,-23.1286518527046));
#2215=CARTESIAN_POINT('',(-4.,41.7975595027505,-22.7971927359718));
#2216=CARTESIAN_POINT('',(-4.,42.796542139915,-22.46564354808));
#2217=CARTESIAN_POINT('',(-4.,39.7994974842648,-23.4599991));
#2218=CARTESIAN_POINT('',(0.,0.,-23.4599991));
#2219=CARTESIAN_POINT('',(-39.7996180705293,3.9988,-23.4599991));
#2220=CARTESIAN_POINT('',(-39.7996180705293,3.9988,-23.4599991));
#2221=CARTESIAN_POINT('',(-40.7986178518549,3.9988,-23.1286673520891));
#2222=CARTESIAN_POINT('',(-41.7975805963803,3.9988,-22.7972238130159));
#2223=CARTESIAN_POINT('',(-42.7965135205989,3.9988,-22.4656902649047));
#2224=CARTESIAN_POINT('',(-42.7965135205989,3.9988,-22.4656902649047));
#2225=CARTESIAN_POINT('',(-42.7606601684967,1.9988,-22.5242155896598));
#2226=CARTESIAN_POINT('',(-42.7686487704701,2.66572697879912,-22.5111753717327));
#2227=CARTESIAN_POINT('',(-42.7806224267556,3.3323921648018,-22.4916301386784));
#2228=CARTESIAN_POINT('',(-42.7965135205989,3.9988,-22.4656902649047));
#2229=CARTESIAN_POINT('',(-42.7606601684967,1.9988,-22.5242155896598));
#2230=CARTESIAN_POINT('',(-39.9500287679496,1.9988,-23.4599991));
#2231=CARTESIAN_POINT('',(-40.8869135717628,1.9988,-23.1480943094617));
#2232=CARTESIAN_POINT('',(-41.8237902021389,1.9988,-22.8361649609442));
#2233=CARTESIAN_POINT('',(-42.7606601684967,1.9988,-22.5242155896598));
#2234=CARTESIAN_POINT('',(-39.9500287679496,1.9988,-23.4599991));
#2235=CARTESIAN_POINT('',(0.,0.,-23.4599991));
#2236=CARTESIAN_POINT('',(-39.9499687108764,-2.,-23.4599991));
#2237=CARTESIAN_POINT('',(-39.9499687108764,-2.,-23.4599991));
#2238=CARTESIAN_POINT('',(-40.886878336033,-2.,-23.1480865149173));
#2239=CARTESIAN_POINT('',(-41.8237797775161,-2.,-22.836149341053));
#2240=CARTESIAN_POINT('',(-42.7606745466682,-2.,-22.5241921194093));
#2241=CARTESIAN_POINT('',(-42.7606745466682,-2.,-22.5241921194093));
#2242=CARTESIAN_POINT('',(-42.796542139915,-4.,-22.46564354808));
#2243=CARTESIAN_POINT('',(-42.7806463420422,-3.33359226478388,-22.4915911004899));
#2244=CARTESIAN_POINT('',(-42.7686679300645,-2.66692707993741,-22.5111440965124));
#2245=CARTESIAN_POINT('',(-42.7606745466682,-2.,-22.5241921194093));
#2246=CARTESIAN_POINT('',(-42.796542139915,-4.,-22.46564354808));
#2247=CARTESIAN_POINT('',(-39.7994974842648,-4.,-23.4599991));
#2248=CARTESIAN_POINT('',(-40.7985470248067,-4.,-23.1286518527046));
#2249=CARTESIAN_POINT('',(-41.7975595027505,-4.,-22.7971927359718));
#2250=CARTESIAN_POINT('',(-42.796542139915,-4.,-22.46564354808));
#2251=CARTESIAN_POINT('',(-39.7994974842648,-4.,-23.4599991));
#2252=CARTESIAN_POINT('',(0.,0.,-23.4599991));
#2253=CARTESIAN_POINT('',(-3.9988,-39.7996180705293,-23.4599991));
#2254=CARTESIAN_POINT('',(-3.9988,-39.7996180705293,-23.4599991));
#2255=CARTESIAN_POINT('',(-3.9988,-40.7986178518549,-23.1286673520891));
#2256=CARTESIAN_POINT('',(-3.9988,-41.7975805963803,-22.7972238130159));
#2257=CARTESIAN_POINT('',(-3.9988,-42.7965135205989,-22.4656902649047));
#2258=CARTESIAN_POINT('',(-3.9988,-42.7965135205989,-22.4656902649047));
#2259=CARTESIAN_POINT('',(-1.9988,-42.7606601684967,-22.5242155896598));
#2260=CARTESIAN_POINT('',(-2.66572697879912,-42.7686487704701,-22.5111753717327));
#2261=CARTESIAN_POINT('',(-3.3323921648018,-42.7806224267556,-22.4916301386784));
#2262=CARTESIAN_POINT('',(-3.9988,-42.7965135205989,-22.4656902649047));
#2263=CARTESIAN_POINT('',(-1.9988,-42.7606601684967,-22.5242155896598));
#2264=CARTESIAN_POINT('',(-1.9988,-39.9500287679496,-23.4599991));
#2265=CARTESIAN_POINT('',(-1.9988,-40.8869135717628,-23.1480943094617));
#2266=CARTESIAN_POINT('',(-1.9988,-41.8237902021389,-22.8361649609442));
#2267=CARTESIAN_POINT('',(-1.9988,-42.7606601684967,-22.5242155896598));
#2268=CARTESIAN_POINT('',(-40.,0.,-23.4599991));
#2269=CARTESIAN_POINT('',(-40.,-34.,-23.4599991));
#2270=CARTESIAN_POINT('',(2.,-34.,-23.4599991));
#2271=CARTESIAN_POINT('',(4.,-34.,-23.4599991));
#2272=CARTESIAN_POINT('',(2.,0.,-23.4599991));
#2273=CARTESIAN_POINT('',(-1.9988,0.,-23.4599991));
#2274=CARTESIAN_POINT('',(-1.9988,-34.,-23.4599991));
#2275=CARTESIAN_POINT('',(-40.,-34.,-23.4599991));
#2276=CARTESIAN_POINT('',(-3.9988,-34.,-23.4599991));
#2277=CARTESIAN_POINT('',(-3.9988,0.,-23.4599991));
#2278=CARTESIAN_POINT('',(-40.,-4.,-23.4599991));
#2279=CARTESIAN_POINT('',(-34.,-4.,-23.4599991));
#2280=CARTESIAN_POINT('',(-34.,0.,-23.4599991));
#2281=CARTESIAN_POINT('',(-34.,-2.,-23.4599991));
#2282=CARTESIAN_POINT('',(-40.,-2.,-23.4599991));
#2283=CARTESIAN_POINT('',(-40.,1.9988,-23.4599991));
#2284=CARTESIAN_POINT('',(-34.,1.9988,-23.4599991));
#2285=CARTESIAN_POINT('',(-34.,0.,-23.4599991));
#2286=CARTESIAN_POINT('',(-34.,3.9988,-23.4599991));
#2287=CARTESIAN_POINT('',(-40.,3.9988,-23.4599991));
#2288=CARTESIAN_POINT('',(-4.,0.,-23.4599991));
#2289=CARTESIAN_POINT('',(-4.,34.,-23.4599991));
#2290=CARTESIAN_POINT('',(-40.,34.,-23.4599991));
#2291=CARTESIAN_POINT('',(-2.,34.,-23.4599991));
#2292=CARTESIAN_POINT('',(-2.,0.,-23.4599991));
#2293=CARTESIAN_POINT('',(1.9988,0.,-23.4599991));
#2294=CARTESIAN_POINT('',(1.9988,34.,-23.4599991));
#2295=CARTESIAN_POINT('',(-40.,34.,-23.4599991));
#2296=CARTESIAN_POINT('',(3.9988,34.,-23.4599991));
#2297=CARTESIAN_POINT('',(3.9988,0.,-23.4599991));
#2298=CARTESIAN_POINT('',(-40.,4.,-23.4599991));
#2299=CARTESIAN_POINT('',(34.,4.,-23.4599991));
#2300=CARTESIAN_POINT('',(34.,0.,-23.4599991));
#2301=CARTESIAN_POINT('',(34.,2.,-23.4599991));
#2302=CARTESIAN_POINT('',(-40.,2.,-23.4599991));
#2303=CARTESIAN_POINT('',(-40.,-2.,-23.4599991));
#2304=CARTESIAN_POINT('',(34.,-2.,-23.4599991));
#2305=CARTESIAN_POINT('',(34.,0.,-23.4599991));
#2306=CARTESIAN_POINT('',(34.,-4.,-23.4599991));
#2307=CARTESIAN_POINT('',(-40.,-4.,-23.4599991));
#2308=CARTESIAN_POINT('',(4.,0.,-23.4599991));
#2309=CARTESIAN_POINT('',(0.,0.,-14.));
#2310=CARTESIAN_POINT('',(0.,0.,-3.));
#2311=CARTESIAN_POINT('',(0.,-50.,-3.));
#2312=CARTESIAN_POINT('',(0.,0.,-3.));
#2313=CARTESIAN_POINT('',(0.,0.,-3.));
#2314=CARTESIAN_POINT('',(-7.,0.,-3.));
#2315=CARTESIAN_POINT('',(0.,0.,-3.));
#2316=CARTESIAN_POINT('',(0.,0.,0.));
#2317=CARTESIAN_POINT('',(0.,7.,0.));
#2318=CARTESIAN_POINT('',(0.,0.,0.));
#2319=CARTESIAN_POINT('',(0.,0.,-37.9999996));
#2320=CARTESIAN_POINT('',(20.,0.,-37.9999996));
#2321=CARTESIAN_POINT('',(21.,0.,-37.9999996));
#2322=CARTESIAN_POINT('',(0.,0.,-37.9999996));
#2323=CARTESIAN_POINT('',(27.98,0.,-37.9999996));
#2324=CARTESIAN_POINT('',(0.,0.,-37.9999996));
#2325=CARTESIAN_POINT('',(0.,0.,-36.9300006));
#2326=CARTESIAN_POINT('',(30.91,0.,-36.9300006));
#2327=CARTESIAN_POINT('',(0.,0.,-36.9300006));
#2328=CARTESIAN_POINT('',(0.,0.,-35.4200016));
#2329=CARTESIAN_POINT('',(33.630001,0.,-35.4200016));
#2330=CARTESIAN_POINT('',(0.,0.,-35.4200016));
#2331=CARTESIAN_POINT('',(0.,0.,-33.5599991));
#2332=CARTESIAN_POINT('',(2.,-35.9478470184869,-33.5599991));
#2333=CARTESIAN_POINT('',(4.,-35.7805492588437,-33.5599991));
#2334=CARTESIAN_POINT('',(2.,-35.9478470184869,-33.5599991));
#2335=CARTESIAN_POINT('',(2.,-35.9734070384013,-33.5399993074071));
#2336=CARTESIAN_POINT('',(2.,-35.998967026371,-33.5199994739872));
#2337=CARTESIAN_POINT('',(2.,-36.024526982599,-33.4999996));
#2338=CARTESIAN_POINT('',(2.,-36.024526982599,-33.4999996));
#2339=CARTESIAN_POINT('',(0.,0.,-33.4999996));
#2340=CARTESIAN_POINT('',(-1.9988,-36.0245935838283,-33.4999996));
#2341=CARTESIAN_POINT('',(-1.9988,-35.9479137617823,-33.5599991));
#2342=CARTESIAN_POINT('',(-1.9988,-35.973473734303,-33.539999307358));
#2343=CARTESIAN_POINT('',(-1.9988,-35.9990336749174,-33.5199994739382));
#2344=CARTESIAN_POINT('',(-1.9988,-36.0245935838283,-33.4999996));
#2345=CARTESIAN_POINT('',(-1.9988,-35.9479137617823,-33.5599991));
#2346=CARTESIAN_POINT('',(0.,0.,-33.5599991));
#2347=CARTESIAN_POINT('',(-3.9988,-35.7806833895684,-33.5599991));
#2348=CARTESIAN_POINT('',(-3.9988,-35.7806833895684,-33.5599991));
#2349=CARTESIAN_POINT('',(-3.9988,-35.806362663726,-33.5399994316373));
#2350=CARTESIAN_POINT('',(-3.9988,-35.8320418091368,-33.5199995979523));
#2351=CARTESIAN_POINT('',(-3.9988,-35.8577208266226,-33.4999996));
#2352=CARTESIAN_POINT('',(-3.9988,-35.8577208266226,-33.4999996));
#2353=CARTESIAN_POINT('',(0.,0.,-33.4999996));
#2354=CARTESIAN_POINT('',(-35.857586984068,-4.,-33.4999996));
#2355=CARTESIAN_POINT('',(-35.7805492588437,-4.,-33.5599991));
#2356=CARTESIAN_POINT('',(-35.8062286291359,-4.,-33.5399994317381));
#2357=CARTESIAN_POINT('',(-35.8319078706033,-4.,-33.5199995980528));
#2358=CARTESIAN_POINT('',(-35.857586984068,-4.,-33.4999996));
#2359=CARTESIAN_POINT('',(-35.7805492588437,-4.,-33.5599991));
#2360=CARTESIAN_POINT('',(0.,0.,-33.5599991));
#2361=CARTESIAN_POINT('',(-35.9478470184869,-2.,-33.5599991));
#2362=CARTESIAN_POINT('',(-35.9478470184869,-2.,-33.5599991));
#2363=CARTESIAN_POINT('',(-35.9734070384013,-2.,-33.5399993074071));
#2364=CARTESIAN_POINT('',(-35.998967026371,-2.,-33.5199994739872));
#2365=CARTESIAN_POINT('',(-36.024526982599,-2.,-33.4999996));
#2366=CARTESIAN_POINT('',(-36.024526982599,-2.,-33.4999996));
#2367=CARTESIAN_POINT('',(0.,0.,-33.4999996));
#2368=CARTESIAN_POINT('',(-36.0245935838283,1.9988,-33.4999996));
#2369=CARTESIAN_POINT('',(-35.9479137617823,1.9988,-33.5599991));
#2370=CARTESIAN_POINT('',(-35.973473734303,1.9988,-33.539999307358));
#2371=CARTESIAN_POINT('',(-35.9990336749174,1.9988,-33.5199994739382));
#2372=CARTESIAN_POINT('',(-36.0245935838283,1.9988,-33.4999996));
#2373=CARTESIAN_POINT('',(-35.9479137617823,1.9988,-33.5599991));
#2374=CARTESIAN_POINT('',(0.,0.,-33.5599991));
#2375=CARTESIAN_POINT('',(-35.7806833895684,3.9988,-33.5599991));
#2376=CARTESIAN_POINT('',(-35.7806833895684,3.9988,-33.5599991));
#2377=CARTESIAN_POINT('',(-35.8063626637259,3.9988,-33.5399994316373));
#2378=CARTESIAN_POINT('',(-35.8320418091368,3.9988,-33.5199995979523));
#2379=CARTESIAN_POINT('',(-35.8577208266226,3.9988,-33.4999996));
#2380=CARTESIAN_POINT('',(-35.8577208266226,3.9988,-33.4999996));
#2381=CARTESIAN_POINT('',(0.,0.,-33.4999996));
#2382=CARTESIAN_POINT('',(-4.,35.857586984068,-33.4999996));
#2383=CARTESIAN_POINT('',(-4.,35.7805492588437,-33.5599991));
#2384=CARTESIAN_POINT('',(-4.,35.8062286291359,-33.5399994317381));
#2385=CARTESIAN_POINT('',(-4.,35.8319078706033,-33.5199995980528));
#2386=CARTESIAN_POINT('',(-4.,35.857586984068,-33.4999996));
#2387=CARTESIAN_POINT('',(-4.,35.7805492588437,-33.5599991));
#2388=CARTESIAN_POINT('',(0.,0.,-33.5599991));
#2389=CARTESIAN_POINT('',(-2.,35.9478470184869,-33.5599991));
#2390=CARTESIAN_POINT('',(-2.,35.9478470184869,-33.5599991));
#2391=CARTESIAN_POINT('',(-2.,35.9734070384013,-33.5399993074071));
#2392=CARTESIAN_POINT('',(-2.,35.998967026371,-33.5199994739872));
#2393=CARTESIAN_POINT('',(-2.,36.024526982599,-33.4999996));
#2394=CARTESIAN_POINT('',(-2.,36.024526982599,-33.4999996));
#2395=CARTESIAN_POINT('',(0.,0.,-33.4999996));
#2396=CARTESIAN_POINT('',(1.9988,36.0245935838283,-33.4999996));
#2397=CARTESIAN_POINT('',(1.9988,35.9479137617823,-33.5599991));
#2398=CARTESIAN_POINT('',(1.9988,35.973473734303,-33.539999307358));
#2399=CARTESIAN_POINT('',(1.9988,35.9990336749174,-33.5199994739382));
#2400=CARTESIAN_POINT('',(1.9988,36.0245935838283,-33.4999996));
#2401=CARTESIAN_POINT('',(1.9988,35.9479137617823,-33.5599991));
#2402=CARTESIAN_POINT('',(0.,0.,-33.5599991));
#2403=CARTESIAN_POINT('',(3.9988,35.7806833895684,-33.5599991));
#2404=CARTESIAN_POINT('',(3.9988,35.7806833895684,-33.5599991));
#2405=CARTESIAN_POINT('',(3.9988,35.8063626637259,-33.5399994316373));
#2406=CARTESIAN_POINT('',(3.9988,35.8320418091368,-33.5199995979523));
#2407=CARTESIAN_POINT('',(3.9988,35.8577208266226,-33.4999996));
#2408=CARTESIAN_POINT('',(3.9988,35.8577208266226,-33.4999996));
#2409=CARTESIAN_POINT('',(0.,0.,-33.4999996));
#2410=CARTESIAN_POINT('',(35.857586984068,4.,-33.4999996));
#2411=CARTESIAN_POINT('',(35.7805492588437,4.,-33.5599991));
#2412=CARTESIAN_POINT('',(35.8062286291359,4.,-33.5399994317381));
#2413=CARTESIAN_POINT('',(35.8319078706033,4.,-33.5199995980528));
#2414=CARTESIAN_POINT('',(35.857586984068,4.,-33.4999996));
#2415=CARTESIAN_POINT('',(35.7805492588437,4.,-33.5599991));
#2416=CARTESIAN_POINT('',(0.,0.,-33.5599991));
#2417=CARTESIAN_POINT('',(35.9478470184869,2.,-33.5599991));
#2418=CARTESIAN_POINT('',(35.9478470184869,2.,-33.5599991));
#2419=CARTESIAN_POINT('',(35.9734070384013,2.,-33.5399993074071));
#2420=CARTESIAN_POINT('',(35.998967026371,2.,-33.5199994739872));
#2421=CARTESIAN_POINT('',(36.024526982599,2.,-33.4999996));
#2422=CARTESIAN_POINT('',(36.024526982599,2.,-33.4999996));
#2423=CARTESIAN_POINT('',(0.,0.,-33.4999996));
#2424=CARTESIAN_POINT('',(36.024526982599,-2.,-33.4999996));
#2425=CARTESIAN_POINT('',(35.9478470184869,-2.,-33.5599991));
#2426=CARTESIAN_POINT('',(35.9734070384013,-2.,-33.5399993074071));
#2427=CARTESIAN_POINT('',(35.998967026371,-2.,-33.5199994739872));
#2428=CARTESIAN_POINT('',(36.024526982599,-2.,-33.4999996));
#2429=CARTESIAN_POINT('',(35.9478470184869,-2.,-33.5599991));
#2430=CARTESIAN_POINT('',(0.,0.,-33.5599991));
#2431=CARTESIAN_POINT('',(35.7805492588437,-4.,-33.5599991));
#2432=CARTESIAN_POINT('',(35.7805492588437,-4.,-33.5599991));
#2433=CARTESIAN_POINT('',(35.8062286291359,-4.,-33.5399994317381));
#2434=CARTESIAN_POINT('',(35.8319078706033,-4.,-33.5199995980528));
#2435=CARTESIAN_POINT('',(35.857586984068,-4.,-33.4999996));
#2436=CARTESIAN_POINT('',(35.857586984068,-4.,-33.4999996));
#2437=CARTESIAN_POINT('',(0.,0.,-33.4999996));
#2438=CARTESIAN_POINT('',(4.,-35.857586984068,-33.4999996));
#2439=CARTESIAN_POINT('',(4.,-35.7805492588437,-33.5599991));
#2440=CARTESIAN_POINT('',(4.,-35.8062286291359,-33.5399994317381));
#2441=CARTESIAN_POINT('',(4.,-35.8319078706033,-33.5199995980528));
#2442=CARTESIAN_POINT('',(4.,-35.857586984068,-33.4999996));
#2443=CARTESIAN_POINT('',(-36.080002,0.,-33.4999996));
#2444=CARTESIAN_POINT('',(2.,0.,-33.4999996));
#2445=CARTESIAN_POINT('',(2.,-34.,-33.4999996));
#2446=CARTESIAN_POINT('',(-36.080002,-34.,-33.4999996));
#2447=CARTESIAN_POINT('',(4.,-34.,-33.4999996));
#2448=CARTESIAN_POINT('',(4.,0.,-33.4999996));
#2449=CARTESIAN_POINT('',(-36.080002,-4.,-33.4999996));
#2450=CARTESIAN_POINT('',(34.,-4.,-33.4999996));
#2451=CARTESIAN_POINT('',(34.,0.,-33.4999996));
#2452=CARTESIAN_POINT('',(34.,-2.,-33.4999996));
#2453=CARTESIAN_POINT('',(-36.080002,-2.,-33.4999996));
#2454=CARTESIAN_POINT('',(-36.080002,2.,-33.4999996));
#2455=CARTESIAN_POINT('',(34.,2.,-33.4999996));
#2456=CARTESIAN_POINT('',(34.,0.,-33.4999996));
#2457=CARTESIAN_POINT('',(34.,4.,-33.4999996));
#2458=CARTESIAN_POINT('',(-36.080002,4.,-33.4999996));
#2459=CARTESIAN_POINT('',(3.9988,0.,-33.4999996));
#2460=CARTESIAN_POINT('',(3.9988,34.,-33.4999996));
#2461=CARTESIAN_POINT('',(-36.080002,34.,-33.4999996));
#2462=CARTESIAN_POINT('',(1.9988,34.,-33.4999996));
#2463=CARTESIAN_POINT('',(1.9988,0.,-33.4999996));
#2464=CARTESIAN_POINT('',(-2.,0.,-33.4999996));
#2465=CARTESIAN_POINT('',(-2.,34.,-33.4999996));
#2466=CARTESIAN_POINT('',(-36.080002,34.,-33.4999996));
#2467=CARTESIAN_POINT('',(-4.,34.,-33.4999996));
#2468=CARTESIAN_POINT('',(-4.,0.,-33.4999996));
#2469=CARTESIAN_POINT('',(-36.080002,3.9988,-33.4999996));
#2470=CARTESIAN_POINT('',(-34.,3.9988,-33.4999996));
#2471=CARTESIAN_POINT('',(-34.,0.,-33.4999996));
#2472=CARTESIAN_POINT('',(-34.,1.9988,-33.4999996));
#2473=CARTESIAN_POINT('',(-36.080002,1.9988,-33.4999996));
#2474=CARTESIAN_POINT('',(-36.080002,-2.,-33.4999996));
#2475=CARTESIAN_POINT('',(-34.,-2.,-33.4999996));
#2476=CARTESIAN_POINT('',(-34.,0.,-33.4999996));
#2477=CARTESIAN_POINT('',(-34.,-4.,-33.4999996));
#2478=CARTESIAN_POINT('',(-36.080002,-4.,-33.4999996));
#2479=CARTESIAN_POINT('',(-3.9988,0.,-33.4999996));
#2480=CARTESIAN_POINT('',(-3.9988,-34.,-33.4999996));
#2481=CARTESIAN_POINT('',(-36.080002,-34.,-33.4999996));
#2482=CARTESIAN_POINT('',(-1.9988,-34.,-33.4999996));
#2483=CARTESIAN_POINT('',(-1.9988,0.,-33.4999996));
#2484=CARTESIAN_POINT('',(20.,0.,-38.1));
#2485=CARTESIAN_POINT('',(20.,0.,-38.1));
#2486=CARTESIAN_POINT('',(20.,1.,-38.1));
#2487=CARTESIAN_POINT('',(20.,0.,-38.1));
#2488=CARTESIAN_POINT('',(36.,-4.,-33.5599991));
#2489=CARTESIAN_POINT('',(36.,-2.,-33.5599991));
#2490=CARTESIAN_POINT('',(36.,-2.,-33.5599991));
#2491=CARTESIAN_POINT('',(36.,-4.,-33.5599991));
#2492=CARTESIAN_POINT('',(36.,-4.,-33.5599991));
#2493=CARTESIAN_POINT('',(36.,-4.,-33.5599991));
#2494=CARTESIAN_POINT('',(34.,-4.,-22.4599991));
#2495=CARTESIAN_POINT('',(34.,-4.,-22.4599991));
#2496=CARTESIAN_POINT('',(34.,-2.,-22.4599991));
#2497=CARTESIAN_POINT('',(0.,-4.,0.));
#2498=CARTESIAN_POINT('',(34.,-4.,-33.5599991));
#2499=CARTESIAN_POINT('',(0.,-2.,0.));
#2500=CARTESIAN_POINT('',(34.,-2.,-33.5599991));
#2501=CARTESIAN_POINT('',(34.,-4.,-33.5599991));
#2502=CARTESIAN_POINT('',(3.9988,36.,-33.5599991));
#2503=CARTESIAN_POINT('',(1.9988,36.,-33.5599991));
#2504=CARTESIAN_POINT('',(1.9988,36.,-33.5599991));
#2505=CARTESIAN_POINT('',(3.9988,36.,-33.5599991));
#2506=CARTESIAN_POINT('',(3.9988,36.,-33.5599991));
#2507=CARTESIAN_POINT('',(3.9988,36.,-33.5599991));
#2508=CARTESIAN_POINT('',(3.9988,34.,-22.4599991));
#2509=CARTESIAN_POINT('',(3.9988,34.,-22.4599991));
#2510=CARTESIAN_POINT('',(1.9988,34.,-22.4599991));
#2511=CARTESIAN_POINT('',(3.9988,0.,0.));
#2512=CARTESIAN_POINT('',(3.9988,34.,-33.5599991));
#2513=CARTESIAN_POINT('',(1.9988,0.,0.));
#2514=CARTESIAN_POINT('',(1.9988,34.,-33.5599991));
#2515=CARTESIAN_POINT('',(3.9988,34.,-33.5599991));
#2516=CARTESIAN_POINT('',(-36.,3.9988,-33.5599991));
#2517=CARTESIAN_POINT('',(-36.,1.9988,-33.5599991));
#2518=CARTESIAN_POINT('',(-36.,1.9988,-33.5599991));
#2519=CARTESIAN_POINT('',(-36.,3.9988,-33.5599991));
#2520=CARTESIAN_POINT('',(-36.,3.9988,-33.5599991));
#2521=CARTESIAN_POINT('',(-36.,3.9988,-33.5599991));
#2522=CARTESIAN_POINT('',(-34.,3.9988,-22.4599991));
#2523=CARTESIAN_POINT('',(-34.,3.9988,-22.4599991));
#2524=CARTESIAN_POINT('',(-34.,1.9988,-22.4599991));
#2525=CARTESIAN_POINT('',(0.,3.9988,0.));
#2526=CARTESIAN_POINT('',(-34.,3.9988,-33.5599991));
#2527=CARTESIAN_POINT('',(0.,1.9988,0.));
#2528=CARTESIAN_POINT('',(-34.,1.9988,-33.5599991));
#2529=CARTESIAN_POINT('',(-34.,3.9988,-33.5599991));
#2530=CARTESIAN_POINT('',(-3.9988,-36.,-33.5599991));
#2531=CARTESIAN_POINT('',(-1.9988,-36.,-33.5599991));
#2532=CARTESIAN_POINT('',(-1.9988,-36.,-33.5599991));
#2533=CARTESIAN_POINT('',(-3.9988,-36.,-33.5599991));
#2534=CARTESIAN_POINT('',(-3.9988,-36.,-33.5599991));
#2535=CARTESIAN_POINT('',(-3.9988,-36.,-33.5599991));
#2536=CARTESIAN_POINT('',(-3.9988,-34.,-22.4599991));
#2537=CARTESIAN_POINT('',(-3.9988,-34.,-22.4599991));
#2538=CARTESIAN_POINT('',(-1.9988,-34.,-22.4599991));
#2539=CARTESIAN_POINT('',(-3.9988,0.,0.));
#2540=CARTESIAN_POINT('',(-3.9988,-34.,-33.5599991));
#2541=CARTESIAN_POINT('',(-1.9988,0.,0.));
#2542=CARTESIAN_POINT('',(-1.9988,-34.,-33.5599991));
#2543=CARTESIAN_POINT('',(-3.9988,-34.,-33.5599991));
#2544=CARTESIAN_POINT('',(36.,2.,-33.5599991));
#2545=CARTESIAN_POINT('',(36.,4.,-33.5599991));
#2546=CARTESIAN_POINT('',(36.,4.,-33.5599991));
#2547=CARTESIAN_POINT('',(36.,2.,-33.5599991));
#2548=CARTESIAN_POINT('',(36.,2.,-33.5599991));
#2549=CARTESIAN_POINT('',(36.,2.,-33.5599991));
#2550=CARTESIAN_POINT('',(34.,2.,-22.4599991));
#2551=CARTESIAN_POINT('',(34.,2.,-22.4599991));
#2552=CARTESIAN_POINT('',(34.,4.,-22.4599991));
#2553=CARTESIAN_POINT('',(0.,2.,0.));
#2554=CARTESIAN_POINT('',(34.,2.,-33.5599991));
#2555=CARTESIAN_POINT('',(0.,4.,0.));
#2556=CARTESIAN_POINT('',(34.,4.,-33.5599991));
#2557=CARTESIAN_POINT('',(34.,2.,-33.5599991));
#2558=CARTESIAN_POINT('',(-2.,36.,-33.5599991));
#2559=CARTESIAN_POINT('',(-4.,36.,-33.5599991));
#2560=CARTESIAN_POINT('',(-4.,36.,-33.5599991));
#2561=CARTESIAN_POINT('',(-2.,36.,-33.5599991));
#2562=CARTESIAN_POINT('',(-2.,36.,-33.5599991));
#2563=CARTESIAN_POINT('',(-2.,36.,-33.5599991));
#2564=CARTESIAN_POINT('',(-2.,34.,-22.4599991));
#2565=CARTESIAN_POINT('',(-2.,34.,-22.4599991));
#2566=CARTESIAN_POINT('',(-4.,34.,-22.4599991));
#2567=CARTESIAN_POINT('',(-2.,0.,0.));
#2568=CARTESIAN_POINT('',(-2.,34.,-33.5599991));
#2569=CARTESIAN_POINT('',(-4.,0.,0.));
#2570=CARTESIAN_POINT('',(-4.,34.,-33.5599991));
#2571=CARTESIAN_POINT('',(-2.,34.,-33.5599991));
#2572=CARTESIAN_POINT('',(-36.,-2.,-33.5599991));
#2573=CARTESIAN_POINT('',(-36.,-4.,-33.5599991));
#2574=CARTESIAN_POINT('',(-36.,-4.,-33.5599991));
#2575=CARTESIAN_POINT('',(-36.,-2.,-33.5599991));
#2576=CARTESIAN_POINT('',(-36.,-2.,-33.5599991));
#2577=CARTESIAN_POINT('',(-36.,-2.,-33.5599991));
#2578=CARTESIAN_POINT('',(-34.,-2.,-22.4599991));
#2579=CARTESIAN_POINT('',(-34.,-2.,-22.4599991));
#2580=CARTESIAN_POINT('',(-34.,-4.,-22.4599991));
#2581=CARTESIAN_POINT('',(0.,-2.,0.));
#2582=CARTESIAN_POINT('',(-34.,-2.,-33.5599991));
#2583=CARTESIAN_POINT('',(0.,-4.,0.));
#2584=CARTESIAN_POINT('',(-34.,-4.,-33.5599991));
#2585=CARTESIAN_POINT('',(-34.,-2.,-33.5599991));
#2586=CARTESIAN_POINT('',(2.,-36.,-33.5599991));
#2587=CARTESIAN_POINT('',(4.,-36.,-33.5599991));
#2588=CARTESIAN_POINT('',(4.,-36.,-33.5599991));
#2589=CARTESIAN_POINT('',(2.,-36.,-33.5599991));
#2590=CARTESIAN_POINT('',(2.,-36.,-33.5599991));
#2591=CARTESIAN_POINT('',(2.,-36.,-33.5599991));
#2592=CARTESIAN_POINT('',(2.,-34.,-22.4599991));
#2593=CARTESIAN_POINT('',(2.,-34.,-22.4599991));
#2594=CARTESIAN_POINT('',(4.,-34.,-22.4599991));
#2595=CARTESIAN_POINT('',(2.,0.,0.));
#2596=CARTESIAN_POINT('',(2.,-34.,-33.5599991));
#2597=CARTESIAN_POINT('',(4.,0.,0.));
#2598=CARTESIAN_POINT('',(4.,-34.,-33.5599991));
#2599=CARTESIAN_POINT('',(2.,-34.,-33.5599991));
#2600=MECHANICAL_DESIGN_GEOMETRIC_PRESENTATION_REPRESENTATION('',(#1209,
#1210,#1211,#1212,#1213,#1214,#1215,#1216,#1217,#1218,#1219,#1220,#1221,
#1222,#1223,#1224,#1225,#1226,#1227,#1228,#1229,#1230,#1231,#1232,#1233,
#1234,#1235,#1236,#1237,#1238,#1239,#1240,#1241,#1242,#1243,#1244,#1245,
#1246,#1247,#1248,#1249,#1250,#1251,#1252,#1253,#1254,#1255,#1256,#1257,
#1258,#1259,#1260,#1261,#1262,#1263,#1264,#1265,#1266,#1267,#1268),#2601);
#2601=(
GEOMETRIC_REPRESENTATION_CONTEXT(3)
GLOBAL_UNCERTAINTY_ASSIGNED_CONTEXT((#2602))
GLOBAL_UNIT_ASSIGNED_CONTEXT((#2605,#2604,#2603))
REPRESENTATION_CONTEXT('OOH941  Multi-Crit. Fire Det. (0)',
'TOP_LEVEL_ASSEMBLY_PART')
);
#2602=UNCERTAINTY_MEASURE_WITH_UNIT(LENGTH_MEASURE(1.E-5),#2605,
'DISTANCE_ACCURACY_VALUE','Maximum Tolerance applied to model');
#2603=(
NAMED_UNIT(*)
SI_UNIT($,.STERADIAN.)
SOLID_ANGLE_UNIT()
);
#2604=(
NAMED_UNIT(*)
PLANE_ANGLE_UNIT()
SI_UNIT($,.RADIAN.)
);
#2605=(
LENGTH_UNIT()
NAMED_UNIT(*)
SI_UNIT(.MILLI.,.METRE.)
);
#2606=PRODUCT_DEFINITION_SHAPE('','',#2607);
#2607=PRODUCT_DEFINITION('','',#2609,#2608);
#2608=PRODUCT_DEFINITION_CONTEXT('',#2615,'design');
#2609=PRODUCT_DEFINITION_FORMATION_WITH_SPECIFIED_SOURCE('','',#2611,
 .NOT_KNOWN.);
#2610=PRODUCT_RELATED_PRODUCT_CATEGORY('','',(#2611));
#2611=PRODUCT('OOH941  Multi-Crit. Fire Det. (0)',
'OOH941  Multi-Crit. Fire Det. (0)','OOH941  Multi-Crit. Fire Det. (0)',
(#2613));
#2612=PRODUCT_CATEGORY('','');
#2613=PRODUCT_CONTEXT('',#2615,'mechanical');
#2614=APPLICATION_PROTOCOL_DEFINITION('international standard',
'automotive_design',2010,#2615);
#2615=APPLICATION_CONTEXT(
'core data for automotive mechanical design processes');
ENDSEC;
END-ISO-10303-21;
