ISO-10303-21;
HEADER;
/* Generated by software containing ST-Developer
 * from STEP Tools, Inc. (www.steptools.com) 
 */
/* OPTION: using custom renumber hook */

FILE_DESCRIPTION(
/* description */ ('STEP AP214'),
/* implementation_level */ '2;1');

FILE_NAME(
/* name */ 'S54321-F12-A1 (200)',
/* time_stamp */ '2026-09-14T18:57:09+02:00',
/* author */ ('License CC BY-ND 4.0'),
/* organization */ ('CADENAS'),
/* preprocessor_version */ 'ST-DEVELOPER v20',
/* originating_system */ 'PARTsolutions',
/* authorisation */ '  ');

FILE_SCHEMA (('AUTOMOTIVE_DESIGN {1 0 10303 214 3 1 1}'));
ENDSEC;

DATA;
#10=PROPERTY_DEFINITION_REPRESENTATION(#14,#12);
#11=PROPERTY_DEFINITION_REPRESENTATION(#15,#13);
#12=REPRESENTATION('',(#16),#2762);
#13=REPRESENTATION('',(#17),#2762);
#14=PROPERTY_DEFINITION('pmi validation property','',#2767);
#15=PROPERTY_DEFINITION('pmi validation property','',#2767);
#16=VALUE_REPRESENTATION_ITEM('number of annotations',COUNT_MEASURE(0.));
#17=VALUE_REPRESENTATION_ITEM('number of views',COUNT_MEASURE(0.));
#18=SHAPE_REPRESENTATION_RELATIONSHIP('','',#1930,#19);
#19=ADVANCED_BREP_SHAPE_REPRESENTATION('',(#1928),#2762);
#20=CYLINDRICAL_SURFACE('',#1960,2.25);
#21=CYLINDRICAL_SURFACE('',#1963,2.25);
#22=CYLINDRICAL_SURFACE('',#1991,6.1);
#23=CYLINDRICAL_SURFACE('',#2009,8.26);
#24=CYLINDRICAL_SURFACE('',#2012,5.08);
#25=CIRCLE('',#1933,8.26);
#26=CIRCLE('',#1934,5.08);
#27=CIRCLE('',#1936,6.1);
#28=CIRCLE('',#1947,2.25);
#29=CIRCLE('',#1948,2.25);
#30=CIRCLE('',#1961,2.25);
#31=CIRCLE('',#1964,2.25);
#32=CIRCLE('',#1992,6.1);
#33=CIRCLE('',#2010,8.26);
#34=CIRCLE('',#2013,5.08);
#35=ORIENTED_EDGE('',*,*,#419,.F.);
#36=ORIENTED_EDGE('',*,*,#420,.F.);
#37=ORIENTED_EDGE('',*,*,#421,.F.);
#38=ORIENTED_EDGE('',*,*,#422,.F.);
#39=ORIENTED_EDGE('',*,*,#423,.T.);
#40=ORIENTED_EDGE('',*,*,#424,.F.);
#41=ORIENTED_EDGE('',*,*,#425,.F.);
#42=ORIENTED_EDGE('',*,*,#426,.T.);
#43=ORIENTED_EDGE('',*,*,#427,.F.);
#44=ORIENTED_EDGE('',*,*,#428,.F.);
#45=ORIENTED_EDGE('',*,*,#429,.F.);
#46=ORIENTED_EDGE('',*,*,#430,.F.);
#47=ORIENTED_EDGE('',*,*,#431,.F.);
#48=ORIENTED_EDGE('',*,*,#432,.F.);
#49=ORIENTED_EDGE('',*,*,#433,.F.);
#50=ORIENTED_EDGE('',*,*,#434,.F.);
#51=ORIENTED_EDGE('',*,*,#435,.F.);
#52=ORIENTED_EDGE('',*,*,#436,.F.);
#53=ORIENTED_EDGE('',*,*,#437,.F.);
#54=ORIENTED_EDGE('',*,*,#438,.F.);
#55=ORIENTED_EDGE('',*,*,#439,.F.);
#56=ORIENTED_EDGE('',*,*,#440,.F.);
#57=ORIENTED_EDGE('',*,*,#441,.F.);
#58=ORIENTED_EDGE('',*,*,#442,.F.);
#59=ORIENTED_EDGE('',*,*,#443,.F.);
#60=ORIENTED_EDGE('',*,*,#444,.F.);
#61=ORIENTED_EDGE('',*,*,#445,.F.);
#62=ORIENTED_EDGE('',*,*,#446,.F.);
#63=ORIENTED_EDGE('',*,*,#447,.F.);
#64=ORIENTED_EDGE('',*,*,#448,.F.);
#65=ORIENTED_EDGE('',*,*,#449,.T.);
#66=ORIENTED_EDGE('',*,*,#450,.T.);
#67=ORIENTED_EDGE('',*,*,#451,.T.);
#68=ORIENTED_EDGE('',*,*,#452,.T.);
#69=ORIENTED_EDGE('',*,*,#453,.T.);
#70=ORIENTED_EDGE('',*,*,#454,.F.);
#71=ORIENTED_EDGE('',*,*,#455,.F.);
#72=ORIENTED_EDGE('',*,*,#456,.F.);
#73=ORIENTED_EDGE('',*,*,#457,.F.);
#74=ORIENTED_EDGE('',*,*,#458,.T.);
#75=ORIENTED_EDGE('',*,*,#432,.T.);
#76=ORIENTED_EDGE('',*,*,#459,.F.);
#77=ORIENTED_EDGE('',*,*,#460,.F.);
#78=ORIENTED_EDGE('',*,*,#461,.T.);
#79=ORIENTED_EDGE('',*,*,#462,.T.);
#80=ORIENTED_EDGE('',*,*,#463,.F.);
#81=ORIENTED_EDGE('',*,*,#464,.F.);
#82=ORIENTED_EDGE('',*,*,#465,.F.);
#83=ORIENTED_EDGE('',*,*,#466,.T.);
#84=ORIENTED_EDGE('',*,*,#467,.F.);
#85=ORIENTED_EDGE('',*,*,#468,.T.);
#86=ORIENTED_EDGE('',*,*,#469,.F.);
#87=ORIENTED_EDGE('',*,*,#470,.F.);
#88=ORIENTED_EDGE('',*,*,#471,.T.);
#89=ORIENTED_EDGE('',*,*,#434,.T.);
#90=ORIENTED_EDGE('',*,*,#472,.F.);
#91=ORIENTED_EDGE('',*,*,#436,.T.);
#92=ORIENTED_EDGE('',*,*,#473,.F.);
#93=ORIENTED_EDGE('',*,*,#474,.F.);
#94=ORIENTED_EDGE('',*,*,#475,.T.);
#95=ORIENTED_EDGE('',*,*,#476,.T.);
#96=ORIENTED_EDGE('',*,*,#477,.F.);
#97=ORIENTED_EDGE('',*,*,#478,.T.);
#98=ORIENTED_EDGE('',*,*,#479,.F.);
#99=ORIENTED_EDGE('',*,*,#480,.T.);
#100=ORIENTED_EDGE('',*,*,#481,.F.);
#101=ORIENTED_EDGE('',*,*,#482,.T.);
#102=ORIENTED_EDGE('',*,*,#483,.F.);
#103=ORIENTED_EDGE('',*,*,#484,.F.);
#104=ORIENTED_EDGE('',*,*,#485,.T.);
#105=ORIENTED_EDGE('',*,*,#438,.T.);
#106=ORIENTED_EDGE('',*,*,#486,.F.);
#107=ORIENTED_EDGE('',*,*,#440,.T.);
#108=ORIENTED_EDGE('',*,*,#487,.F.);
#109=ORIENTED_EDGE('',*,*,#488,.F.);
#110=ORIENTED_EDGE('',*,*,#489,.T.);
#111=ORIENTED_EDGE('',*,*,#490,.T.);
#112=ORIENTED_EDGE('',*,*,#491,.F.);
#113=ORIENTED_EDGE('',*,*,#492,.T.);
#114=ORIENTED_EDGE('',*,*,#493,.F.);
#115=ORIENTED_EDGE('',*,*,#494,.F.);
#116=ORIENTED_EDGE('',*,*,#495,.T.);
#117=ORIENTED_EDGE('',*,*,#496,.T.);
#118=ORIENTED_EDGE('',*,*,#497,.F.);
#119=ORIENTED_EDGE('',*,*,#498,.F.);
#120=ORIENTED_EDGE('',*,*,#499,.T.);
#121=ORIENTED_EDGE('',*,*,#442,.T.);
#122=ORIENTED_EDGE('',*,*,#496,.F.);
#123=ORIENTED_EDGE('',*,*,#500,.T.);
#124=ORIENTED_EDGE('',*,*,#490,.F.);
#125=ORIENTED_EDGE('',*,*,#501,.F.);
#126=ORIENTED_EDGE('',*,*,#482,.F.);
#127=ORIENTED_EDGE('',*,*,#502,.T.);
#128=ORIENTED_EDGE('',*,*,#476,.F.);
#129=ORIENTED_EDGE('',*,*,#503,.F.);
#130=ORIENTED_EDGE('',*,*,#468,.F.);
#131=ORIENTED_EDGE('',*,*,#504,.T.);
#132=ORIENTED_EDGE('',*,*,#462,.F.);
#133=ORIENTED_EDGE('',*,*,#505,.F.);
#134=ORIENTED_EDGE('',*,*,#506,.F.);
#135=ORIENTED_EDGE('',*,*,#507,.T.);
#136=ORIENTED_EDGE('',*,*,#508,.T.);
#137=ORIENTED_EDGE('',*,*,#509,.T.);
#138=ORIENTED_EDGE('',*,*,#510,.T.);
#139=ORIENTED_EDGE('',*,*,#511,.T.);
#140=ORIENTED_EDGE('',*,*,#512,.T.);
#141=ORIENTED_EDGE('',*,*,#513,.T.);
#142=ORIENTED_EDGE('',*,*,#514,.F.);
#143=ORIENTED_EDGE('',*,*,#515,.F.);
#144=ORIENTED_EDGE('',*,*,#516,.F.);
#145=ORIENTED_EDGE('',*,*,#506,.T.);
#146=ORIENTED_EDGE('',*,*,#517,.F.);
#147=ORIENTED_EDGE('',*,*,#518,.F.);
#148=ORIENTED_EDGE('',*,*,#519,.T.);
#149=ORIENTED_EDGE('',*,*,#456,.T.);
#150=ORIENTED_EDGE('',*,*,#520,.F.);
#151=ORIENTED_EDGE('',*,*,#444,.T.);
#152=ORIENTED_EDGE('',*,*,#521,.F.);
#153=ORIENTED_EDGE('',*,*,#522,.F.);
#154=ORIENTED_EDGE('',*,*,#523,.T.);
#155=ORIENTED_EDGE('',*,*,#514,.T.);
#156=ORIENTED_EDGE('',*,*,#524,.F.);
#157=ORIENTED_EDGE('',*,*,#525,.F.);
#158=ORIENTED_EDGE('',*,*,#526,.T.);
#159=ORIENTED_EDGE('',*,*,#527,.F.);
#160=ORIENTED_EDGE('',*,*,#528,.F.);
#161=ORIENTED_EDGE('',*,*,#529,.T.);
#162=ORIENTED_EDGE('',*,*,#530,.F.);
#163=ORIENTED_EDGE('',*,*,#531,.F.);
#164=ORIENTED_EDGE('',*,*,#532,.F.);
#165=ORIENTED_EDGE('',*,*,#533,.F.);
#166=ORIENTED_EDGE('',*,*,#534,.T.);
#167=ORIENTED_EDGE('',*,*,#426,.F.);
#168=ORIENTED_EDGE('',*,*,#535,.F.);
#169=ORIENTED_EDGE('',*,*,#527,.T.);
#170=ORIENTED_EDGE('',*,*,#536,.T.);
#171=ORIENTED_EDGE('',*,*,#537,.F.);
#172=ORIENTED_EDGE('',*,*,#538,.F.);
#173=ORIENTED_EDGE('',*,*,#424,.T.);
#174=ORIENTED_EDGE('',*,*,#539,.T.);
#175=ORIENTED_EDGE('',*,*,#540,.F.);
#176=ORIENTED_EDGE('',*,*,#541,.F.);
#177=ORIENTED_EDGE('',*,*,#537,.T.);
#178=ORIENTED_EDGE('',*,*,#542,.T.);
#179=ORIENTED_EDGE('',*,*,#529,.F.);
#180=ORIENTED_EDGE('',*,*,#543,.F.);
#181=ORIENTED_EDGE('',*,*,#540,.T.);
#182=ORIENTED_EDGE('',*,*,#528,.T.);
#183=ORIENTED_EDGE('',*,*,#535,.T.);
#184=ORIENTED_EDGE('',*,*,#425,.T.);
#185=ORIENTED_EDGE('',*,*,#538,.T.);
#186=ORIENTED_EDGE('',*,*,#541,.T.);
#187=ORIENTED_EDGE('',*,*,#543,.T.);
#188=ORIENTED_EDGE('',*,*,#526,.F.);
#189=ORIENTED_EDGE('',*,*,#542,.F.);
#190=ORIENTED_EDGE('',*,*,#539,.F.);
#191=ORIENTED_EDGE('',*,*,#536,.F.);
#192=ORIENTED_EDGE('',*,*,#423,.F.);
#193=ORIENTED_EDGE('',*,*,#534,.F.);
#194=ORIENTED_EDGE('',*,*,#530,.T.);
#195=ORIENTED_EDGE('',*,*,#544,.F.);
#196=ORIENTED_EDGE('',*,*,#545,.T.);
#197=ORIENTED_EDGE('',*,*,#546,.F.);
#198=ORIENTED_EDGE('',*,*,#547,.F.);
#199=ORIENTED_EDGE('',*,*,#548,.F.);
#200=ORIENTED_EDGE('',*,*,#451,.F.);
#201=ORIENTED_EDGE('',*,*,#549,.T.);
#202=ORIENTED_EDGE('',*,*,#550,.T.);
#203=ORIENTED_EDGE('',*,*,#551,.T.);
#204=ORIENTED_EDGE('',*,*,#552,.F.);
#205=ORIENTED_EDGE('',*,*,#553,.T.);
#206=ORIENTED_EDGE('',*,*,#533,.T.);
#207=ORIENTED_EDGE('',*,*,#554,.F.);
#208=ORIENTED_EDGE('',*,*,#555,.F.);
#209=ORIENTED_EDGE('',*,*,#544,.T.);
#210=ORIENTED_EDGE('',*,*,#532,.T.);
#211=ORIENTED_EDGE('',*,*,#556,.F.);
#212=ORIENTED_EDGE('',*,*,#557,.F.);
#213=ORIENTED_EDGE('',*,*,#558,.F.);
#214=ORIENTED_EDGE('',*,*,#559,.T.);
#215=ORIENTED_EDGE('',*,*,#560,.F.);
#216=ORIENTED_EDGE('',*,*,#449,.F.);
#217=ORIENTED_EDGE('',*,*,#561,.F.);
#218=ORIENTED_EDGE('',*,*,#509,.F.);
#219=ORIENTED_EDGE('',*,*,#562,.T.);
#220=ORIENTED_EDGE('',*,*,#453,.F.);
#221=ORIENTED_EDGE('',*,*,#563,.T.);
#222=ORIENTED_EDGE('',*,*,#564,.F.);
#223=ORIENTED_EDGE('',*,*,#565,.T.);
#224=ORIENTED_EDGE('',*,*,#566,.T.);
#225=ORIENTED_EDGE('',*,*,#554,.T.);
#226=ORIENTED_EDGE('',*,*,#531,.T.);
#227=ORIENTED_EDGE('',*,*,#553,.F.);
#228=ORIENTED_EDGE('',*,*,#567,.F.);
#229=ORIENTED_EDGE('',*,*,#556,.T.);
#230=ORIENTED_EDGE('',*,*,#568,.F.);
#231=ORIENTED_EDGE('',*,*,#557,.T.);
#232=ORIENTED_EDGE('',*,*,#567,.T.);
#233=ORIENTED_EDGE('',*,*,#552,.T.);
#234=ORIENTED_EDGE('',*,*,#569,.F.);
#235=ORIENTED_EDGE('',*,*,#525,.T.);
#236=ORIENTED_EDGE('',*,*,#569,.T.);
#237=ORIENTED_EDGE('',*,*,#570,.F.);
#238=ORIENTED_EDGE('',*,*,#524,.T.);
#239=ORIENTED_EDGE('',*,*,#570,.T.);
#240=ORIENTED_EDGE('',*,*,#545,.F.);
#241=ORIENTED_EDGE('',*,*,#555,.T.);
#242=ORIENTED_EDGE('',*,*,#566,.F.);
#243=ORIENTED_EDGE('',*,*,#571,.F.);
#244=ORIENTED_EDGE('',*,*,#571,.T.);
#245=ORIENTED_EDGE('',*,*,#565,.F.);
#246=ORIENTED_EDGE('',*,*,#572,.F.);
#247=ORIENTED_EDGE('',*,*,#546,.T.);
#248=ORIENTED_EDGE('',*,*,#568,.T.);
#249=ORIENTED_EDGE('',*,*,#551,.F.);
#250=ORIENTED_EDGE('',*,*,#573,.F.);
#251=ORIENTED_EDGE('',*,*,#558,.T.);
#252=ORIENTED_EDGE('',*,*,#574,.F.);
#253=ORIENTED_EDGE('',*,*,#547,.T.);
#254=ORIENTED_EDGE('',*,*,#572,.T.);
#255=ORIENTED_EDGE('',*,*,#564,.T.);
#256=ORIENTED_EDGE('',*,*,#559,.F.);
#257=ORIENTED_EDGE('',*,*,#573,.T.);
#258=ORIENTED_EDGE('',*,*,#550,.F.);
#259=ORIENTED_EDGE('',*,*,#575,.F.);
#260=ORIENTED_EDGE('',*,*,#574,.T.);
#261=ORIENTED_EDGE('',*,*,#563,.F.);
#262=ORIENTED_EDGE('',*,*,#452,.F.);
#263=ORIENTED_EDGE('',*,*,#548,.T.);
#264=ORIENTED_EDGE('',*,*,#575,.T.);
#265=ORIENTED_EDGE('',*,*,#549,.F.);
#266=ORIENTED_EDGE('',*,*,#450,.F.);
#267=ORIENTED_EDGE('',*,*,#560,.T.);
#268=ORIENTED_EDGE('',*,*,#457,.T.);
#269=ORIENTED_EDGE('',*,*,#519,.F.);
#270=ORIENTED_EDGE('',*,*,#576,.F.);
#271=ORIENTED_EDGE('',*,*,#459,.T.);
#272=ORIENTED_EDGE('',*,*,#517,.T.);
#273=ORIENTED_EDGE('',*,*,#505,.T.);
#274=ORIENTED_EDGE('',*,*,#461,.F.);
#275=ORIENTED_EDGE('',*,*,#577,.F.);
#276=ORIENTED_EDGE('',*,*,#576,.T.);
#277=ORIENTED_EDGE('',*,*,#518,.T.);
#278=ORIENTED_EDGE('',*,*,#577,.T.);
#279=ORIENTED_EDGE('',*,*,#460,.T.);
#280=ORIENTED_EDGE('',*,*,#435,.T.);
#281=ORIENTED_EDGE('',*,*,#471,.F.);
#282=ORIENTED_EDGE('',*,*,#578,.F.);
#283=ORIENTED_EDGE('',*,*,#473,.T.);
#284=ORIENTED_EDGE('',*,*,#469,.T.);
#285=ORIENTED_EDGE('',*,*,#503,.T.);
#286=ORIENTED_EDGE('',*,*,#475,.F.);
#287=ORIENTED_EDGE('',*,*,#579,.F.);
#288=ORIENTED_EDGE('',*,*,#578,.T.);
#289=ORIENTED_EDGE('',*,*,#470,.T.);
#290=ORIENTED_EDGE('',*,*,#579,.T.);
#291=ORIENTED_EDGE('',*,*,#474,.T.);
#292=ORIENTED_EDGE('',*,*,#439,.T.);
#293=ORIENTED_EDGE('',*,*,#485,.F.);
#294=ORIENTED_EDGE('',*,*,#580,.F.);
#295=ORIENTED_EDGE('',*,*,#487,.T.);
#296=ORIENTED_EDGE('',*,*,#483,.T.);
#297=ORIENTED_EDGE('',*,*,#501,.T.);
#298=ORIENTED_EDGE('',*,*,#489,.F.);
#299=ORIENTED_EDGE('',*,*,#581,.F.);
#300=ORIENTED_EDGE('',*,*,#580,.T.);
#301=ORIENTED_EDGE('',*,*,#484,.T.);
#302=ORIENTED_EDGE('',*,*,#581,.T.);
#303=ORIENTED_EDGE('',*,*,#488,.T.);
#304=ORIENTED_EDGE('',*,*,#443,.T.);
#305=ORIENTED_EDGE('',*,*,#499,.F.);
#306=ORIENTED_EDGE('',*,*,#582,.F.);
#307=ORIENTED_EDGE('',*,*,#521,.T.);
#308=ORIENTED_EDGE('',*,*,#497,.T.);
#309=ORIENTED_EDGE('',*,*,#515,.T.);
#310=ORIENTED_EDGE('',*,*,#523,.F.);
#311=ORIENTED_EDGE('',*,*,#583,.F.);
#312=ORIENTED_EDGE('',*,*,#582,.T.);
#313=ORIENTED_EDGE('',*,*,#498,.T.);
#314=ORIENTED_EDGE('',*,*,#583,.T.);
#315=ORIENTED_EDGE('',*,*,#522,.T.);
#316=ORIENTED_EDGE('',*,*,#507,.F.);
#317=ORIENTED_EDGE('',*,*,#516,.T.);
#318=ORIENTED_EDGE('',*,*,#455,.T.);
#319=ORIENTED_EDGE('',*,*,#584,.F.);
#320=ORIENTED_EDGE('',*,*,#445,.T.);
#321=ORIENTED_EDGE('',*,*,#520,.T.);
#322=ORIENTED_EDGE('',*,*,#513,.F.);
#323=ORIENTED_EDGE('',*,*,#585,.T.);
#324=ORIENTED_EDGE('',*,*,#448,.T.);
#325=ORIENTED_EDGE('',*,*,#586,.F.);
#326=ORIENTED_EDGE('',*,*,#510,.F.);
#327=ORIENTED_EDGE('',*,*,#561,.T.);
#328=ORIENTED_EDGE('',*,*,#447,.T.);
#329=ORIENTED_EDGE('',*,*,#587,.F.);
#330=ORIENTED_EDGE('',*,*,#511,.F.);
#331=ORIENTED_EDGE('',*,*,#586,.T.);
#332=ORIENTED_EDGE('',*,*,#446,.T.);
#333=ORIENTED_EDGE('',*,*,#585,.F.);
#334=ORIENTED_EDGE('',*,*,#512,.F.);
#335=ORIENTED_EDGE('',*,*,#587,.T.);
#336=ORIENTED_EDGE('',*,*,#454,.T.);
#337=ORIENTED_EDGE('',*,*,#562,.F.);
#338=ORIENTED_EDGE('',*,*,#508,.F.);
#339=ORIENTED_EDGE('',*,*,#584,.T.);
#340=ORIENTED_EDGE('',*,*,#588,.F.);
#341=ORIENTED_EDGE('',*,*,#431,.T.);
#342=ORIENTED_EDGE('',*,*,#588,.T.);
#343=ORIENTED_EDGE('',*,*,#504,.F.);
#344=ORIENTED_EDGE('',*,*,#467,.T.);
#345=ORIENTED_EDGE('',*,*,#589,.F.);
#346=ORIENTED_EDGE('',*,*,#463,.T.);
#347=ORIENTED_EDGE('',*,*,#466,.F.);
#348=ORIENTED_EDGE('',*,*,#590,.T.);
#349=ORIENTED_EDGE('',*,*,#464,.T.);
#350=ORIENTED_EDGE('',*,*,#589,.T.);
#351=ORIENTED_EDGE('',*,*,#590,.F.);
#352=ORIENTED_EDGE('',*,*,#465,.T.);
#353=ORIENTED_EDGE('',*,*,#433,.T.);
#354=ORIENTED_EDGE('',*,*,#458,.F.);
#355=ORIENTED_EDGE('',*,*,#591,.F.);
#356=ORIENTED_EDGE('',*,*,#477,.T.);
#357=ORIENTED_EDGE('',*,*,#502,.F.);
#358=ORIENTED_EDGE('',*,*,#481,.T.);
#359=ORIENTED_EDGE('',*,*,#478,.F.);
#360=ORIENTED_EDGE('',*,*,#591,.T.);
#361=ORIENTED_EDGE('',*,*,#480,.F.);
#362=ORIENTED_EDGE('',*,*,#592,.T.);
#363=ORIENTED_EDGE('',*,*,#437,.T.);
#364=ORIENTED_EDGE('',*,*,#472,.T.);
#365=ORIENTED_EDGE('',*,*,#592,.F.);
#366=ORIENTED_EDGE('',*,*,#479,.T.);
#367=ORIENTED_EDGE('',*,*,#441,.T.);
#368=ORIENTED_EDGE('',*,*,#486,.T.);
#369=ORIENTED_EDGE('',*,*,#593,.F.);
#370=ORIENTED_EDGE('',*,*,#493,.T.);
#371=ORIENTED_EDGE('',*,*,#492,.F.);
#372=ORIENTED_EDGE('',*,*,#594,.T.);
#373=ORIENTED_EDGE('',*,*,#494,.T.);
#374=ORIENTED_EDGE('',*,*,#593,.T.);
#375=ORIENTED_EDGE('',*,*,#594,.F.);
#376=ORIENTED_EDGE('',*,*,#491,.T.);
#377=ORIENTED_EDGE('',*,*,#500,.F.);
#378=ORIENTED_EDGE('',*,*,#495,.F.);
#379=ORIENTED_EDGE('',*,*,#595,.F.);
#380=ORIENTED_EDGE('',*,*,#427,.T.);
#381=ORIENTED_EDGE('',*,*,#596,.T.);
#382=ORIENTED_EDGE('',*,*,#597,.T.);
#383=ORIENTED_EDGE('',*,*,#598,.F.);
#384=ORIENTED_EDGE('',*,*,#428,.T.);
#385=ORIENTED_EDGE('',*,*,#595,.T.);
#386=ORIENTED_EDGE('',*,*,#599,.T.);
#387=ORIENTED_EDGE('',*,*,#600,.F.);
#388=ORIENTED_EDGE('',*,*,#429,.T.);
#389=ORIENTED_EDGE('',*,*,#598,.T.);
#390=ORIENTED_EDGE('',*,*,#601,.T.);
#391=ORIENTED_EDGE('',*,*,#596,.F.);
#392=ORIENTED_EDGE('',*,*,#430,.T.);
#393=ORIENTED_EDGE('',*,*,#600,.T.);
#394=ORIENTED_EDGE('',*,*,#602,.T.);
#395=ORIENTED_EDGE('',*,*,#597,.F.);
#396=ORIENTED_EDGE('',*,*,#602,.F.);
#397=ORIENTED_EDGE('',*,*,#601,.F.);
#398=ORIENTED_EDGE('',*,*,#599,.F.);
#399=ORIENTED_EDGE('',*,*,#603,.F.);
#400=ORIENTED_EDGE('',*,*,#419,.T.);
#401=ORIENTED_EDGE('',*,*,#604,.T.);
#402=ORIENTED_EDGE('',*,*,#605,.T.);
#403=ORIENTED_EDGE('',*,*,#606,.F.);
#404=ORIENTED_EDGE('',*,*,#420,.T.);
#405=ORIENTED_EDGE('',*,*,#603,.T.);
#406=ORIENTED_EDGE('',*,*,#607,.T.);
#407=ORIENTED_EDGE('',*,*,#608,.F.);
#408=ORIENTED_EDGE('',*,*,#421,.T.);
#409=ORIENTED_EDGE('',*,*,#606,.T.);
#410=ORIENTED_EDGE('',*,*,#609,.T.);
#411=ORIENTED_EDGE('',*,*,#604,.F.);
#412=ORIENTED_EDGE('',*,*,#422,.T.);
#413=ORIENTED_EDGE('',*,*,#608,.T.);
#414=ORIENTED_EDGE('',*,*,#610,.T.);
#415=ORIENTED_EDGE('',*,*,#605,.F.);
#416=ORIENTED_EDGE('',*,*,#610,.F.);
#417=ORIENTED_EDGE('',*,*,#609,.F.);
#418=ORIENTED_EDGE('',*,*,#607,.F.);
#419=EDGE_CURVE('',#611,#612,#741,.T.);
#420=EDGE_CURVE('',#613,#611,#25,.F.);
#421=EDGE_CURVE('',#614,#613,#742,.T.);
#422=EDGE_CURVE('',#612,#614,#26,.F.);
#423=EDGE_CURVE('',#615,#616,#743,.T.);
#424=EDGE_CURVE('',#617,#616,#744,.T.);
#425=EDGE_CURVE('',#618,#617,#745,.T.);
#426=EDGE_CURVE('',#618,#615,#746,.T.);
#427=EDGE_CURVE('',#619,#620,#747,.T.);
#428=EDGE_CURVE('',#621,#619,#748,.T.);
#429=EDGE_CURVE('',#622,#621,#749,.T.);
#430=EDGE_CURVE('',#620,#622,#750,.T.);
#431=EDGE_CURVE('',#623,#623,#27,.T.);
#432=EDGE_CURVE('',#624,#625,#751,.T.);
#433=EDGE_CURVE('',#626,#624,#752,.T.);
#434=EDGE_CURVE('',#627,#626,#753,.T.);
#435=EDGE_CURVE('',#628,#627,#754,.T.);
#436=EDGE_CURVE('',#629,#628,#755,.T.);
#437=EDGE_CURVE('',#630,#629,#756,.T.);
#438=EDGE_CURVE('',#631,#630,#757,.T.);
#439=EDGE_CURVE('',#632,#631,#758,.T.);
#440=EDGE_CURVE('',#633,#632,#759,.T.);
#441=EDGE_CURVE('',#634,#633,#760,.T.);
#442=EDGE_CURVE('',#635,#634,#761,.T.);
#443=EDGE_CURVE('',#636,#635,#762,.T.);
#444=EDGE_CURVE('',#637,#636,#763,.T.);
#445=EDGE_CURVE('',#638,#637,#764,.T.);
#446=EDGE_CURVE('',#639,#638,#765,.T.);
#447=EDGE_CURVE('',#640,#639,#766,.T.);
#448=EDGE_CURVE('',#641,#640,#767,.T.);
#449=EDGE_CURVE('',#641,#642,#768,.T.);
#450=EDGE_CURVE('',#642,#643,#769,.T.);
#451=EDGE_CURVE('',#643,#644,#770,.T.);
#452=EDGE_CURVE('',#644,#645,#771,.T.);
#453=EDGE_CURVE('',#645,#646,#772,.T.);
#454=EDGE_CURVE('',#647,#646,#773,.T.);
#455=EDGE_CURVE('',#648,#647,#774,.T.);
#456=EDGE_CURVE('',#649,#648,#775,.T.);
#457=EDGE_CURVE('',#625,#649,#776,.T.);
#458=EDGE_CURVE('',#650,#624,#777,.T.);
#459=EDGE_CURVE('',#651,#625,#778,.T.);
#460=EDGE_CURVE('',#652,#651,#779,.T.);
#461=EDGE_CURVE('',#652,#653,#780,.T.);
#462=EDGE_CURVE('',#653,#654,#781,.T.);
#463=EDGE_CURVE('',#655,#654,#782,.T.);
#464=EDGE_CURVE('',#650,#655,#783,.T.);
#465=EDGE_CURVE('',#656,#626,#784,.T.);
#466=EDGE_CURVE('',#656,#657,#785,.T.);
#467=EDGE_CURVE('',#658,#657,#786,.T.);
#468=EDGE_CURVE('',#658,#659,#787,.T.);
#469=EDGE_CURVE('',#660,#659,#788,.T.);
#470=EDGE_CURVE('',#661,#660,#789,.T.);
#471=EDGE_CURVE('',#661,#627,#790,.T.);
#472=EDGE_CURVE('',#629,#662,#791,.T.);
#473=EDGE_CURVE('',#663,#628,#792,.T.);
#474=EDGE_CURVE('',#664,#663,#793,.T.);
#475=EDGE_CURVE('',#664,#665,#794,.T.);
#476=EDGE_CURVE('',#665,#666,#795,.T.);
#477=EDGE_CURVE('',#667,#666,#796,.T.);
#478=EDGE_CURVE('',#667,#662,#797,.T.);
#479=EDGE_CURVE('',#668,#630,#798,.T.);
#480=EDGE_CURVE('',#668,#669,#799,.T.);
#481=EDGE_CURVE('',#670,#669,#800,.T.);
#482=EDGE_CURVE('',#670,#671,#801,.T.);
#483=EDGE_CURVE('',#672,#671,#802,.T.);
#484=EDGE_CURVE('',#673,#672,#803,.T.);
#485=EDGE_CURVE('',#673,#631,#804,.T.);
#486=EDGE_CURVE('',#633,#674,#805,.T.);
#487=EDGE_CURVE('',#675,#632,#806,.T.);
#488=EDGE_CURVE('',#676,#675,#807,.T.);
#489=EDGE_CURVE('',#676,#677,#808,.T.);
#490=EDGE_CURVE('',#677,#678,#809,.T.);
#491=EDGE_CURVE('',#679,#678,#810,.T.);
#492=EDGE_CURVE('',#679,#674,#811,.T.);
#493=EDGE_CURVE('',#680,#634,#812,.T.);
#494=EDGE_CURVE('',#681,#680,#813,.T.);
#495=EDGE_CURVE('',#681,#682,#814,.T.);
#496=EDGE_CURVE('',#682,#683,#815,.T.);
#497=EDGE_CURVE('',#684,#683,#816,.T.);
#498=EDGE_CURVE('',#685,#684,#817,.T.);
#499=EDGE_CURVE('',#685,#635,#818,.T.);
#500=EDGE_CURVE('',#682,#678,#819,.T.);
#501=EDGE_CURVE('',#671,#677,#820,.T.);
#502=EDGE_CURVE('',#670,#666,#821,.T.);
#503=EDGE_CURVE('',#659,#665,#822,.T.);
#504=EDGE_CURVE('',#658,#654,#823,.T.);
#505=EDGE_CURVE('',#686,#653,#824,.T.);
#506=EDGE_CURVE('',#687,#686,#825,.T.);
#507=EDGE_CURVE('',#687,#688,#826,.T.);
#508=EDGE_CURVE('',#688,#689,#827,.T.);
#509=EDGE_CURVE('',#689,#690,#828,.T.);
#510=EDGE_CURVE('',#690,#691,#829,.T.);
#511=EDGE_CURVE('',#691,#692,#830,.T.);
#512=EDGE_CURVE('',#692,#693,#831,.T.);
#513=EDGE_CURVE('',#693,#694,#832,.T.);
#514=EDGE_CURVE('',#695,#694,#833,.T.);
#515=EDGE_CURVE('',#683,#695,#834,.T.);
#516=EDGE_CURVE('',#687,#648,#835,.T.);
#517=EDGE_CURVE('',#696,#686,#836,.T.);
#518=EDGE_CURVE('',#697,#696,#837,.T.);
#519=EDGE_CURVE('',#697,#649,#838,.T.);
#520=EDGE_CURVE('',#637,#694,#839,.T.);
#521=EDGE_CURVE('',#698,#636,#840,.T.);
#522=EDGE_CURVE('',#699,#698,#841,.T.);
#523=EDGE_CURVE('',#699,#695,#842,.T.);
#524=EDGE_CURVE('',#700,#700,#28,.F.);
#525=EDGE_CURVE('',#701,#701,#29,.F.);
#526=EDGE_CURVE('',#702,#703,#843,.T.);
#527=EDGE_CURVE('',#704,#703,#844,.T.);
#528=EDGE_CURVE('',#705,#704,#845,.T.);
#529=EDGE_CURVE('',#705,#702,#846,.T.);
#530=EDGE_CURVE('',#706,#707,#847,.T.);
#531=EDGE_CURVE('',#708,#706,#848,.T.);
#532=EDGE_CURVE('',#709,#708,#849,.T.);
#533=EDGE_CURVE('',#707,#709,#850,.T.);
#534=EDGE_CURVE('',#703,#615,#851,.T.);
#535=EDGE_CURVE('',#704,#618,#852,.T.);
#536=EDGE_CURVE('',#616,#710,#853,.T.);
#537=EDGE_CURVE('',#711,#710,#854,.T.);
#538=EDGE_CURVE('',#617,#711,#855,.T.);
#539=EDGE_CURVE('',#710,#712,#856,.T.);
#540=EDGE_CURVE('',#713,#712,#857,.T.);
#541=EDGE_CURVE('',#711,#713,#858,.T.);
#542=EDGE_CURVE('',#712,#702,#859,.T.);
#543=EDGE_CURVE('',#713,#705,#860,.T.);
#544=EDGE_CURVE('',#714,#707,#861,.T.);
#545=EDGE_CURVE('',#714,#715,#862,.T.);
#546=EDGE_CURVE('',#716,#715,#863,.T.);
#547=EDGE_CURVE('',#717,#716,#864,.T.);
#548=EDGE_CURVE('',#644,#717,#865,.T.);
#549=EDGE_CURVE('',#643,#718,#866,.T.);
#550=EDGE_CURVE('',#718,#719,#867,.T.);
#551=EDGE_CURVE('',#719,#720,#868,.T.);
#552=EDGE_CURVE('',#721,#720,#869,.T.);
#553=EDGE_CURVE('',#721,#706,#870,.T.);
#554=EDGE_CURVE('',#722,#709,#871,.T.);
#555=EDGE_CURVE('',#714,#722,#872,.T.);
#556=EDGE_CURVE('',#723,#708,#873,.T.);
#557=EDGE_CURVE('',#724,#723,#874,.T.);
#558=EDGE_CURVE('',#725,#724,#875,.T.);
#559=EDGE_CURVE('',#725,#726,#876,.T.);
#560=EDGE_CURVE('',#642,#726,#877,.T.);
#561=EDGE_CURVE('',#690,#641,#878,.T.);
#562=EDGE_CURVE('',#689,#646,#879,.T.);
#563=EDGE_CURVE('',#645,#727,#880,.T.);
#564=EDGE_CURVE('',#728,#727,#881,.T.);
#565=EDGE_CURVE('',#728,#729,#882,.T.);
#566=EDGE_CURVE('',#729,#722,#883,.T.);
#567=EDGE_CURVE('',#723,#721,#884,.T.);
#568=EDGE_CURVE('',#724,#720,#885,.T.);
#569=EDGE_CURVE('',#730,#730,#30,.T.);
#570=EDGE_CURVE('',#731,#731,#31,.T.);
#571=EDGE_CURVE('',#715,#729,#886,.T.);
#572=EDGE_CURVE('',#716,#728,#887,.T.);
#573=EDGE_CURVE('',#725,#719,#888,.T.);
#574=EDGE_CURVE('',#717,#727,#889,.T.);
#575=EDGE_CURVE('',#726,#718,#890,.T.);
#576=EDGE_CURVE('',#651,#697,#891,.T.);
#577=EDGE_CURVE('',#696,#652,#892,.T.);
#578=EDGE_CURVE('',#663,#661,#893,.T.);
#579=EDGE_CURVE('',#660,#664,#894,.T.);
#580=EDGE_CURVE('',#675,#673,#895,.T.);
#581=EDGE_CURVE('',#672,#676,#896,.T.);
#582=EDGE_CURVE('',#698,#685,#897,.T.);
#583=EDGE_CURVE('',#684,#699,#898,.T.);
#584=EDGE_CURVE('',#688,#647,#899,.T.);
#585=EDGE_CURVE('',#693,#638,#900,.T.);
#586=EDGE_CURVE('',#691,#640,#901,.T.);
#587=EDGE_CURVE('',#692,#639,#902,.T.);
#588=EDGE_CURVE('',#732,#732,#32,.T.);
#589=EDGE_CURVE('',#655,#657,#903,.T.);
#590=EDGE_CURVE('',#656,#650,#904,.T.);
#591=EDGE_CURVE('',#667,#669,#905,.T.);
#592=EDGE_CURVE('',#668,#662,#906,.T.);
#593=EDGE_CURVE('',#680,#674,#907,.T.);
#594=EDGE_CURVE('',#679,#681,#908,.T.);
#595=EDGE_CURVE('',#619,#733,#909,.T.);
#596=EDGE_CURVE('',#620,#734,#910,.T.);
#597=EDGE_CURVE('',#734,#733,#911,.T.);
#598=EDGE_CURVE('',#621,#735,#912,.T.);
#599=EDGE_CURVE('',#733,#735,#913,.T.);
#600=EDGE_CURVE('',#622,#736,#914,.T.);
#601=EDGE_CURVE('',#735,#736,#915,.T.);
#602=EDGE_CURVE('',#736,#734,#916,.T.);
#603=EDGE_CURVE('',#611,#737,#917,.T.);
#604=EDGE_CURVE('',#612,#738,#918,.T.);
#605=EDGE_CURVE('',#738,#737,#919,.T.);
#606=EDGE_CURVE('',#613,#739,#920,.T.);
#607=EDGE_CURVE('',#737,#739,#33,.T.);
#608=EDGE_CURVE('',#614,#740,#921,.T.);
#609=EDGE_CURVE('',#739,#740,#922,.T.);
#610=EDGE_CURVE('',#740,#738,#34,.T.);
#611=VERTEX_POINT('',#2368);
#612=VERTEX_POINT('',#2369);
#613=VERTEX_POINT('',#2371);
#614=VERTEX_POINT('',#2373);
#615=VERTEX_POINT('',#2376);
#616=VERTEX_POINT('',#2377);
#617=VERTEX_POINT('',#2379);
#618=VERTEX_POINT('',#2381);
#619=VERTEX_POINT('',#2384);
#620=VERTEX_POINT('',#2385);
#621=VERTEX_POINT('',#2387);
#622=VERTEX_POINT('',#2389);
#623=VERTEX_POINT('',#2393);
#624=VERTEX_POINT('',#2395);
#625=VERTEX_POINT('',#2396);
#626=VERTEX_POINT('',#2398);
#627=VERTEX_POINT('',#2400);
#628=VERTEX_POINT('',#2402);
#629=VERTEX_POINT('',#2404);
#630=VERTEX_POINT('',#2406);
#631=VERTEX_POINT('',#2408);
#632=VERTEX_POINT('',#2410);
#633=VERTEX_POINT('',#2412);
#634=VERTEX_POINT('',#2414);
#635=VERTEX_POINT('',#2416);
#636=VERTEX_POINT('',#2418);
#637=VERTEX_POINT('',#2420);
#638=VERTEX_POINT('',#2422);
#639=VERTEX_POINT('',#2424);
#640=VERTEX_POINT('',#2426);
#641=VERTEX_POINT('',#2428);
#642=VERTEX_POINT('',#2430);
#643=VERTEX_POINT('',#2432);
#644=VERTEX_POINT('',#2434);
#645=VERTEX_POINT('',#2436);
#646=VERTEX_POINT('',#2438);
#647=VERTEX_POINT('',#2440);
#648=VERTEX_POINT('',#2442);
#649=VERTEX_POINT('',#2444);
#650=VERTEX_POINT('',#2448);
#651=VERTEX_POINT('',#2450);
#652=VERTEX_POINT('',#2452);
#653=VERTEX_POINT('',#2454);
#654=VERTEX_POINT('',#2456);
#655=VERTEX_POINT('',#2458);
#656=VERTEX_POINT('',#2462);
#657=VERTEX_POINT('',#2464);
#658=VERTEX_POINT('',#2466);
#659=VERTEX_POINT('',#2468);
#660=VERTEX_POINT('',#2470);
#661=VERTEX_POINT('',#2472);
#662=VERTEX_POINT('',#2476);
#663=VERTEX_POINT('',#2478);
#664=VERTEX_POINT('',#2480);
#665=VERTEX_POINT('',#2482);
#666=VERTEX_POINT('',#2484);
#667=VERTEX_POINT('',#2486);
#668=VERTEX_POINT('',#2490);
#669=VERTEX_POINT('',#2492);
#670=VERTEX_POINT('',#2494);
#671=VERTEX_POINT('',#2496);
#672=VERTEX_POINT('',#2498);
#673=VERTEX_POINT('',#2500);
#674=VERTEX_POINT('',#2504);
#675=VERTEX_POINT('',#2506);
#676=VERTEX_POINT('',#2508);
#677=VERTEX_POINT('',#2510);
#678=VERTEX_POINT('',#2512);
#679=VERTEX_POINT('',#2514);
#680=VERTEX_POINT('',#2518);
#681=VERTEX_POINT('',#2520);
#682=VERTEX_POINT('',#2522);
#683=VERTEX_POINT('',#2524);
#684=VERTEX_POINT('',#2526);
#685=VERTEX_POINT('',#2528);
#686=VERTEX_POINT('',#2537);
#687=VERTEX_POINT('',#2539);
#688=VERTEX_POINT('',#2541);
#689=VERTEX_POINT('',#2543);
#690=VERTEX_POINT('',#2545);
#691=VERTEX_POINT('',#2547);
#692=VERTEX_POINT('',#2549);
#693=VERTEX_POINT('',#2551);
#694=VERTEX_POINT('',#2553);
#695=VERTEX_POINT('',#2555);
#696=VERTEX_POINT('',#2560);
#697=VERTEX_POINT('',#2562);
#698=VERTEX_POINT('',#2567);
#699=VERTEX_POINT('',#2569);
#700=VERTEX_POINT('',#2573);
#701=VERTEX_POINT('',#2575);
#702=VERTEX_POINT('',#2577);
#703=VERTEX_POINT('',#2578);
#704=VERTEX_POINT('',#2580);
#705=VERTEX_POINT('',#2582);
#706=VERTEX_POINT('',#2585);
#707=VERTEX_POINT('',#2586);
#708=VERTEX_POINT('',#2588);
#709=VERTEX_POINT('',#2590);
#710=VERTEX_POINT('',#2597);
#711=VERTEX_POINT('',#2599);
#712=VERTEX_POINT('',#2603);
#713=VERTEX_POINT('',#2605);
#714=VERTEX_POINT('',#2614);
#715=VERTEX_POINT('',#2616);
#716=VERTEX_POINT('',#2618);
#717=VERTEX_POINT('',#2620);
#718=VERTEX_POINT('',#2623);
#719=VERTEX_POINT('',#2625);
#720=VERTEX_POINT('',#2627);
#721=VERTEX_POINT('',#2629);
#722=VERTEX_POINT('',#2633);
#723=VERTEX_POINT('',#2637);
#724=VERTEX_POINT('',#2639);
#725=VERTEX_POINT('',#2641);
#726=VERTEX_POINT('',#2643);
#727=VERTEX_POINT('',#2648);
#728=VERTEX_POINT('',#2650);
#729=VERTEX_POINT('',#2652);
#730=VERTEX_POINT('',#2660);
#731=VERTEX_POINT('',#2664);
#732=VERTEX_POINT('',#2710);
#733=VERTEX_POINT('',#2729);
#734=VERTEX_POINT('',#2731);
#735=VERTEX_POINT('',#2735);
#736=VERTEX_POINT('',#2739);
#737=VERTEX_POINT('',#2746);
#738=VERTEX_POINT('',#2748);
#739=VERTEX_POINT('',#2752);
#740=VERTEX_POINT('',#2756);
#741=LINE('',#2367,#923);
#742=LINE('',#2372,#924);
#743=LINE('',#2375,#925);
#744=LINE('',#2378,#926);
#745=LINE('',#2380,#927);
#746=LINE('',#2382,#928);
#747=LINE('',#2383,#929);
#748=LINE('',#2386,#930);
#749=LINE('',#2388,#931);
#750=LINE('',#2390,#932);
#751=LINE('',#2394,#933);
#752=LINE('',#2397,#934);
#753=LINE('',#2399,#935);
#754=LINE('',#2401,#936);
#755=LINE('',#2403,#937);
#756=LINE('',#2405,#938);
#757=LINE('',#2407,#939);
#758=LINE('',#2409,#940);
#759=LINE('',#2411,#941);
#760=LINE('',#2413,#942);
#761=LINE('',#2415,#943);
#762=LINE('',#2417,#944);
#763=LINE('',#2419,#945);
#764=LINE('',#2421,#946);
#765=LINE('',#2423,#947);
#766=LINE('',#2425,#948);
#767=LINE('',#2427,#949);
#768=LINE('',#2429,#950);
#769=LINE('',#2431,#951);
#770=LINE('',#2433,#952);
#771=LINE('',#2435,#953);
#772=LINE('',#2437,#954);
#773=LINE('',#2439,#955);
#774=LINE('',#2441,#956);
#775=LINE('',#2443,#957);
#776=LINE('',#2445,#958);
#777=LINE('',#2447,#959);
#778=LINE('',#2449,#960);
#779=LINE('',#2451,#961);
#780=LINE('',#2453,#962);
#781=LINE('',#2455,#963);
#782=LINE('',#2457,#964);
#783=LINE('',#2459,#965);
#784=LINE('',#2461,#966);
#785=LINE('',#2463,#967);
#786=LINE('',#2465,#968);
#787=LINE('',#2467,#969);
#788=LINE('',#2469,#970);
#789=LINE('',#2471,#971);
#790=LINE('',#2473,#972);
#791=LINE('',#2475,#973);
#792=LINE('',#2477,#974);
#793=LINE('',#2479,#975);
#794=LINE('',#2481,#976);
#795=LINE('',#2483,#977);
#796=LINE('',#2485,#978);
#797=LINE('',#2487,#979);
#798=LINE('',#2489,#980);
#799=LINE('',#2491,#981);
#800=LINE('',#2493,#982);
#801=LINE('',#2495,#983);
#802=LINE('',#2497,#984);
#803=LINE('',#2499,#985);
#804=LINE('',#2501,#986);
#805=LINE('',#2503,#987);
#806=LINE('',#2505,#988);
#807=LINE('',#2507,#989);
#808=LINE('',#2509,#990);
#809=LINE('',#2511,#991);
#810=LINE('',#2513,#992);
#811=LINE('',#2515,#993);
#812=LINE('',#2517,#994);
#813=LINE('',#2519,#995);
#814=LINE('',#2521,#996);
#815=LINE('',#2523,#997);
#816=LINE('',#2525,#998);
#817=LINE('',#2527,#999);
#818=LINE('',#2529,#1000);
#819=LINE('',#2531,#1001);
#820=LINE('',#2532,#1002);
#821=LINE('',#2533,#1003);
#822=LINE('',#2534,#1004);
#823=LINE('',#2535,#1005);
#824=LINE('',#2536,#1006);
#825=LINE('',#2538,#1007);
#826=LINE('',#2540,#1008);
#827=LINE('',#2542,#1009);
#828=LINE('',#2544,#1010);
#829=LINE('',#2546,#1011);
#830=LINE('',#2548,#1012);
#831=LINE('',#2550,#1013);
#832=LINE('',#2552,#1014);
#833=LINE('',#2554,#1015);
#834=LINE('',#2556,#1016);
#835=LINE('',#2558,#1017);
#836=LINE('',#2559,#1018);
#837=LINE('',#2561,#1019);
#838=LINE('',#2563,#1020);
#839=LINE('',#2565,#1021);
#840=LINE('',#2566,#1022);
#841=LINE('',#2568,#1023);
#842=LINE('',#2570,#1024);
#843=LINE('',#2576,#1025);
#844=LINE('',#2579,#1026);
#845=LINE('',#2581,#1027);
#846=LINE('',#2583,#1028);
#847=LINE('',#2584,#1029);
#848=LINE('',#2587,#1030);
#849=LINE('',#2589,#1031);
#850=LINE('',#2591,#1032);
#851=LINE('',#2593,#1033);
#852=LINE('',#2594,#1034);
#853=LINE('',#2596,#1035);
#854=LINE('',#2598,#1036);
#855=LINE('',#2600,#1037);
#856=LINE('',#2602,#1038);
#857=LINE('',#2604,#1039);
#858=LINE('',#2606,#1040);
#859=LINE('',#2608,#1041);
#860=LINE('',#2609,#1042);
#861=LINE('',#2613,#1043);
#862=LINE('',#2615,#1044);
#863=LINE('',#2617,#1045);
#864=LINE('',#2619,#1046);
#865=LINE('',#2621,#1047);
#866=LINE('',#2622,#1048);
#867=LINE('',#2624,#1049);
#868=LINE('',#2626,#1050);
#869=LINE('',#2628,#1051);
#870=LINE('',#2630,#1052);
#871=LINE('',#2632,#1053);
#872=LINE('',#2634,#1054);
#873=LINE('',#2636,#1055);
#874=LINE('',#2638,#1056);
#875=LINE('',#2640,#1057);
#876=LINE('',#2642,#1058);
#877=LINE('',#2644,#1059);
#878=LINE('',#2645,#1060);
#879=LINE('',#2646,#1061);
#880=LINE('',#2647,#1062);
#881=LINE('',#2649,#1063);
#882=LINE('',#2651,#1064);
#883=LINE('',#2653,#1065);
#884=LINE('',#2655,#1066);
#885=LINE('',#2657,#1067);
#886=LINE('',#2667,#1068);
#887=LINE('',#2669,#1069);
#888=LINE('',#2671,#1070);
#889=LINE('',#2673,#1071);
#890=LINE('',#2675,#1072);
#891=LINE('',#2679,#1073);
#892=LINE('',#2681,#1074);
#893=LINE('',#2684,#1075);
#894=LINE('',#2686,#1076);
#895=LINE('',#2689,#1077);
#896=LINE('',#2691,#1078);
#897=LINE('',#2694,#1079);
#898=LINE('',#2696,#1080);
#899=LINE('',#2699,#1081);
#900=LINE('',#2701,#1082);
#901=LINE('',#2703,#1083);
#902=LINE('',#2705,#1084);
#903=LINE('',#2713,#1085);
#904=LINE('',#2715,#1086);
#905=LINE('',#2718,#1087);
#906=LINE('',#2720,#1088);
#907=LINE('',#2723,#1089);
#908=LINE('',#2725,#1090);
#909=LINE('',#2728,#1091);
#910=LINE('',#2730,#1092);
#911=LINE('',#2732,#1093);
#912=LINE('',#2734,#1094);
#913=LINE('',#2736,#1095);
#914=LINE('',#2738,#1096);
#915=LINE('',#2740,#1097);
#916=LINE('',#2742,#1098);
#917=LINE('',#2745,#1099);
#918=LINE('',#2747,#1100);
#919=LINE('',#2749,#1101);
#920=LINE('',#2751,#1102);
#921=LINE('',#2755,#1103);
#922=LINE('',#2757,#1104);
#923=VECTOR('',#2019,1000.);
#924=VECTOR('',#2022,1000.);
#925=VECTOR('',#2025,1000.);
#926=VECTOR('',#2026,1000.);
#927=VECTOR('',#2027,1000.);
#928=VECTOR('',#2028,1000.);
#929=VECTOR('',#2029,1000.);
#930=VECTOR('',#2030,1000.);
#931=VECTOR('',#2031,1000.);
#932=VECTOR('',#2032,1000.);
#933=VECTOR('',#2037,1000.);
#934=VECTOR('',#2038,1000.);
#935=VECTOR('',#2039,1000.);
#936=VECTOR('',#2040,1000.);
#937=VECTOR('',#2041,1000.);
#938=VECTOR('',#2042,1000.);
#939=VECTOR('',#2043,1000.);
#940=VECTOR('',#2044,1000.);
#941=VECTOR('',#2045,1000.);
#942=VECTOR('',#2046,1000.);
#943=VECTOR('',#2047,1000.);
#944=VECTOR('',#2048,1000.);
#945=VECTOR('',#2049,1000.);
#946=VECTOR('',#2050,1000.);
#947=VECTOR('',#2051,1000.);
#948=VECTOR('',#2052,1000.);
#949=VECTOR('',#2053,1000.);
#950=VECTOR('',#2054,1000.);
#951=VECTOR('',#2055,1000.);
#952=VECTOR('',#2056,1000.);
#953=VECTOR('',#2057,1000.);
#954=VECTOR('',#2058,1000.);
#955=VECTOR('',#2059,1000.);
#956=VECTOR('',#2060,1000.);
#957=VECTOR('',#2061,1000.);
#958=VECTOR('',#2062,1000.);
#959=VECTOR('',#2065,1000.);
#960=VECTOR('',#2066,1000.);
#961=VECTOR('',#2067,1000.);
#962=VECTOR('',#2068,1000.);
#963=VECTOR('',#2069,1000.);
#964=VECTOR('',#2070,1000.);
#965=VECTOR('',#2071,1000.);
#966=VECTOR('',#2074,1000.);
#967=VECTOR('',#2075,1000.);
#968=VECTOR('',#2076,1000.);
#969=VECTOR('',#2077,1000.);
#970=VECTOR('',#2078,1000.);
#971=VECTOR('',#2079,1000.);
#972=VECTOR('',#2080,1000.);
#973=VECTOR('',#2083,1000.);
#974=VECTOR('',#2084,1000.);
#975=VECTOR('',#2085,1000.);
#976=VECTOR('',#2086,1000.);
#977=VECTOR('',#2087,1000.);
#978=VECTOR('',#2088,1000.);
#979=VECTOR('',#2089,1000.);
#980=VECTOR('',#2092,1000.);
#981=VECTOR('',#2093,1000.);
#982=VECTOR('',#2094,1000.);
#983=VECTOR('',#2095,1000.);
#984=VECTOR('',#2096,1000.);
#985=VECTOR('',#2097,1000.);
#986=VECTOR('',#2098,1000.);
#987=VECTOR('',#2101,1000.);
#988=VECTOR('',#2102,1000.);
#989=VECTOR('',#2103,1000.);
#990=VECTOR('',#2104,1000.);
#991=VECTOR('',#2105,1000.);
#992=VECTOR('',#2106,1000.);
#993=VECTOR('',#2107,1000.);
#994=VECTOR('',#2110,1000.);
#995=VECTOR('',#2111,1000.);
#996=VECTOR('',#2112,1000.);
#997=VECTOR('',#2113,1000.);
#998=VECTOR('',#2114,1000.);
#999=VECTOR('',#2115,1000.);
#1000=VECTOR('',#2116,1000.);
#1001=VECTOR('',#2119,1000.);
#1002=VECTOR('',#2120,1000.);
#1003=VECTOR('',#2121,1000.);
#1004=VECTOR('',#2122,1000.);
#1005=VECTOR('',#2123,1000.);
#1006=VECTOR('',#2124,1000.);
#1007=VECTOR('',#2125,1000.);
#1008=VECTOR('',#2126,1000.);
#1009=VECTOR('',#2127,1000.);
#1010=VECTOR('',#2128,1000.);
#1011=VECTOR('',#2129,1000.);
#1012=VECTOR('',#2130,1000.);
#1013=VECTOR('',#2131,1000.);
#1014=VECTOR('',#2132,1000.);
#1015=VECTOR('',#2133,1000.);
#1016=VECTOR('',#2134,1000.);
#1017=VECTOR('',#2137,1000.);
#1018=VECTOR('',#2138,1000.);
#1019=VECTOR('',#2139,1000.);
#1020=VECTOR('',#2140,1000.);
#1021=VECTOR('',#2143,1000.);
#1022=VECTOR('',#2144,1000.);
#1023=VECTOR('',#2145,1000.);
#1024=VECTOR('',#2146,1000.);
#1025=VECTOR('',#2153,1000.);
#1026=VECTOR('',#2154,1000.);
#1027=VECTOR('',#2155,1000.);
#1028=VECTOR('',#2156,1000.);
#1029=VECTOR('',#2157,1000.);
#1030=VECTOR('',#2158,1000.);
#1031=VECTOR('',#2159,1000.);
#1032=VECTOR('',#2160,1000.);
#1033=VECTOR('',#2163,1000.);
#1034=VECTOR('',#2164,1000.);
#1035=VECTOR('',#2167,1000.);
#1036=VECTOR('',#2168,1000.);
#1037=VECTOR('',#2169,1000.);
#1038=VECTOR('',#2172,1000.);
#1039=VECTOR('',#2173,1000.);
#1040=VECTOR('',#2174,1000.);
#1041=VECTOR('',#2177,1000.);
#1042=VECTOR('',#2178,1000.);
#1043=VECTOR('',#2185,1000.);
#1044=VECTOR('',#2186,1000.);
#1045=VECTOR('',#2187,1000.);
#1046=VECTOR('',#2188,1000.);
#1047=VECTOR('',#2189,1000.);
#1048=VECTOR('',#2190,1000.);
#1049=VECTOR('',#2191,1000.);
#1050=VECTOR('',#2192,1000.);
#1051=VECTOR('',#2193,1000.);
#1052=VECTOR('',#2194,1000.);
#1053=VECTOR('',#2197,1000.);
#1054=VECTOR('',#2198,1000.);
#1055=VECTOR('',#2201,1000.);
#1056=VECTOR('',#2202,1000.);
#1057=VECTOR('',#2203,1000.);
#1058=VECTOR('',#2204,1000.);
#1059=VECTOR('',#2205,1000.);
#1060=VECTOR('',#2206,1000.);
#1061=VECTOR('',#2207,1000.);
#1062=VECTOR('',#2208,1000.);
#1063=VECTOR('',#2209,1000.);
#1064=VECTOR('',#2210,1000.);
#1065=VECTOR('',#2211,1000.);
#1066=VECTOR('',#2214,1000.);
#1067=VECTOR('',#2217,1000.);
#1068=VECTOR('',#2232,1000.);
#1069=VECTOR('',#2235,1000.);
#1070=VECTOR('',#2238,1000.);
#1071=VECTOR('',#2241,1000.);
#1072=VECTOR('',#2244,1000.);
#1073=VECTOR('',#2251,1000.);
#1074=VECTOR('',#2254,1000.);
#1075=VECTOR('',#2259,1000.);
#1076=VECTOR('',#2262,1000.);
#1077=VECTOR('',#2267,1000.);
#1078=VECTOR('',#2270,1000.);
#1079=VECTOR('',#2275,1000.);
#1080=VECTOR('',#2278,1000.);
#1081=VECTOR('',#2283,1000.);
#1082=VECTOR('',#2286,1000.);
#1083=VECTOR('',#2289,1000.);
#1084=VECTOR('',#2292,1000.);
#1085=VECTOR('',#2305,1000.);
#1086=VECTOR('',#2308,1000.);
#1087=VECTOR('',#2313,1000.);
#1088=VECTOR('',#2316,1000.);
#1089=VECTOR('',#2321,1000.);
#1090=VECTOR('',#2324,1000.);
#1091=VECTOR('',#2329,1000.);
#1092=VECTOR('',#2330,1000.);
#1093=VECTOR('',#2331,1000.);
#1094=VECTOR('',#2334,1000.);
#1095=VECTOR('',#2335,1000.);
#1096=VECTOR('',#2338,1000.);
#1097=VECTOR('',#2339,1000.);
#1098=VECTOR('',#2342,1000.);
#1099=VECTOR('',#2347,1000.);
#1100=VECTOR('',#2348,1000.);
#1101=VECTOR('',#2349,1000.);
#1102=VECTOR('',#2352,1000.);
#1103=VECTOR('',#2357,1000.);
#1104=VECTOR('',#2358,1000.);
#1105=EDGE_LOOP('',(#35,#36,#37,#38));
#1106=EDGE_LOOP('',(#39,#40,#41,#42));
#1107=EDGE_LOOP('',(#43,#44,#45,#46));
#1108=EDGE_LOOP('',(#47));
#1109=EDGE_LOOP('',(#48,#49,#50,#51,#52,#53,#54,#55,#56,#57,#58,#59,#60,
#61,#62,#63,#64,#65,#66,#67,#68,#69,#70,#71,#72,#73));
#1110=EDGE_LOOP('',(#74,#75,#76,#77,#78,#79,#80,#81));
#1111=EDGE_LOOP('',(#82,#83,#84,#85,#86,#87,#88,#89));
#1112=EDGE_LOOP('',(#90,#91,#92,#93,#94,#95,#96,#97));
#1113=EDGE_LOOP('',(#98,#99,#100,#101,#102,#103,#104,#105));
#1114=EDGE_LOOP('',(#106,#107,#108,#109,#110,#111,#112,#113));
#1115=EDGE_LOOP('',(#114,#115,#116,#117,#118,#119,#120,#121));
#1116=EDGE_LOOP('',(#122,#123,#124,#125,#126,#127,#128,#129,#130,#131,#132,
#133,#134,#135,#136,#137,#138,#139,#140,#141,#142,#143));
#1117=EDGE_LOOP('',(#144,#145,#146,#147,#148,#149));
#1118=EDGE_LOOP('',(#150,#151,#152,#153,#154,#155));
#1119=EDGE_LOOP('',(#156));
#1120=EDGE_LOOP('',(#157));
#1121=EDGE_LOOP('',(#158,#159,#160,#161));
#1122=EDGE_LOOP('',(#162,#163,#164,#165));
#1123=EDGE_LOOP('',(#166,#167,#168,#169));
#1124=EDGE_LOOP('',(#170,#171,#172,#173));
#1125=EDGE_LOOP('',(#174,#175,#176,#177));
#1126=EDGE_LOOP('',(#178,#179,#180,#181));
#1127=EDGE_LOOP('',(#182,#183,#184,#185,#186,#187));
#1128=EDGE_LOOP('',(#188,#189,#190,#191,#192,#193));
#1129=EDGE_LOOP('',(#194,#195,#196,#197,#198,#199,#200,#201,#202,#203,#204,
#205));
#1130=EDGE_LOOP('',(#206,#207,#208,#209));
#1131=EDGE_LOOP('',(#210,#211,#212,#213,#214,#215,#216,#217,#218,#219,#220,
#221,#222,#223,#224,#225));
#1132=EDGE_LOOP('',(#226,#227,#228,#229));
#1133=EDGE_LOOP('',(#230,#231,#232,#233));
#1134=EDGE_LOOP('',(#234));
#1135=EDGE_LOOP('',(#235));
#1136=EDGE_LOOP('',(#236));
#1137=EDGE_LOOP('',(#237));
#1138=EDGE_LOOP('',(#238));
#1139=EDGE_LOOP('',(#239));
#1140=EDGE_LOOP('',(#240,#241,#242,#243));
#1141=EDGE_LOOP('',(#244,#245,#246,#247));
#1142=EDGE_LOOP('',(#248,#249,#250,#251));
#1143=EDGE_LOOP('',(#252,#253,#254,#255));
#1144=EDGE_LOOP('',(#256,#257,#258,#259));
#1145=EDGE_LOOP('',(#260,#261,#262,#263));
#1146=EDGE_LOOP('',(#264,#265,#266,#267));
#1147=EDGE_LOOP('',(#268,#269,#270,#271));
#1148=EDGE_LOOP('',(#272,#273,#274,#275));
#1149=EDGE_LOOP('',(#276,#277,#278,#279));
#1150=EDGE_LOOP('',(#280,#281,#282,#283));
#1151=EDGE_LOOP('',(#284,#285,#286,#287));
#1152=EDGE_LOOP('',(#288,#289,#290,#291));
#1153=EDGE_LOOP('',(#292,#293,#294,#295));
#1154=EDGE_LOOP('',(#296,#297,#298,#299));
#1155=EDGE_LOOP('',(#300,#301,#302,#303));
#1156=EDGE_LOOP('',(#304,#305,#306,#307));
#1157=EDGE_LOOP('',(#308,#309,#310,#311));
#1158=EDGE_LOOP('',(#312,#313,#314,#315));
#1159=EDGE_LOOP('',(#316,#317,#318,#319));
#1160=EDGE_LOOP('',(#320,#321,#322,#323));
#1161=EDGE_LOOP('',(#324,#325,#326,#327));
#1162=EDGE_LOOP('',(#328,#329,#330,#331));
#1163=EDGE_LOOP('',(#332,#333,#334,#335));
#1164=EDGE_LOOP('',(#336,#337,#338,#339));
#1165=EDGE_LOOP('',(#340));
#1166=EDGE_LOOP('',(#341));
#1167=EDGE_LOOP('',(#342));
#1168=EDGE_LOOP('',(#343,#344,#345,#346));
#1169=EDGE_LOOP('',(#347,#348,#349,#350));
#1170=EDGE_LOOP('',(#351,#352,#353,#354));
#1171=EDGE_LOOP('',(#355,#356,#357,#358));
#1172=EDGE_LOOP('',(#359,#360,#361,#362));
#1173=EDGE_LOOP('',(#363,#364,#365,#366));
#1174=EDGE_LOOP('',(#367,#368,#369,#370));
#1175=EDGE_LOOP('',(#371,#372,#373,#374));
#1176=EDGE_LOOP('',(#375,#376,#377,#378));
#1177=EDGE_LOOP('',(#379,#380,#381,#382));
#1178=EDGE_LOOP('',(#383,#384,#385,#386));
#1179=EDGE_LOOP('',(#387,#388,#389,#390));
#1180=EDGE_LOOP('',(#391,#392,#393,#394));
#1181=EDGE_LOOP('',(#395,#396,#397,#398));
#1182=EDGE_LOOP('',(#399,#400,#401,#402));
#1183=EDGE_LOOP('',(#403,#404,#405,#406));
#1184=EDGE_LOOP('',(#407,#408,#409,#410));
#1185=EDGE_LOOP('',(#411,#412,#413,#414));
#1186=EDGE_LOOP('',(#415,#416,#417,#418));
#1187=FACE_BOUND('',#1105,.T.);
#1188=FACE_BOUND('',#1106,.T.);
#1189=FACE_BOUND('',#1107,.T.);
#1190=FACE_BOUND('',#1108,.T.);
#1191=FACE_BOUND('',#1109,.T.);
#1192=FACE_BOUND('',#1110,.T.);
#1193=FACE_BOUND('',#1111,.T.);
#1194=FACE_BOUND('',#1112,.T.);
#1195=FACE_BOUND('',#1113,.T.);
#1196=FACE_BOUND('',#1114,.T.);
#1197=FACE_BOUND('',#1115,.T.);
#1198=FACE_BOUND('',#1116,.T.);
#1199=FACE_BOUND('',#1117,.T.);
#1200=FACE_BOUND('',#1118,.T.);
#1201=FACE_BOUND('',#1119,.T.);
#1202=FACE_BOUND('',#1120,.T.);
#1203=FACE_BOUND('',#1121,.T.);
#1204=FACE_BOUND('',#1122,.T.);
#1205=FACE_BOUND('',#1123,.T.);
#1206=FACE_BOUND('',#1124,.T.);
#1207=FACE_BOUND('',#1125,.T.);
#1208=FACE_BOUND('',#1126,.T.);
#1209=FACE_BOUND('',#1127,.T.);
#1210=FACE_BOUND('',#1128,.T.);
#1211=FACE_BOUND('',#1129,.T.);
#1212=FACE_BOUND('',#1130,.T.);
#1213=FACE_BOUND('',#1131,.T.);
#1214=FACE_BOUND('',#1132,.T.);
#1215=FACE_BOUND('',#1133,.T.);
#1216=FACE_BOUND('',#1134,.T.);
#1217=FACE_BOUND('',#1135,.T.);
#1218=FACE_BOUND('',#1136,.T.);
#1219=FACE_BOUND('',#1137,.T.);
#1220=FACE_BOUND('',#1138,.T.);
#1221=FACE_BOUND('',#1139,.T.);
#1222=FACE_BOUND('',#1140,.T.);
#1223=FACE_BOUND('',#1141,.T.);
#1224=FACE_BOUND('',#1142,.T.);
#1225=FACE_BOUND('',#1143,.T.);
#1226=FACE_BOUND('',#1144,.T.);
#1227=FACE_BOUND('',#1145,.T.);
#1228=FACE_BOUND('',#1146,.T.);
#1229=FACE_BOUND('',#1147,.T.);
#1230=FACE_BOUND('',#1148,.T.);
#1231=FACE_BOUND('',#1149,.T.);
#1232=FACE_BOUND('',#1150,.T.);
#1233=FACE_BOUND('',#1151,.T.);
#1234=FACE_BOUND('',#1152,.T.);
#1235=FACE_BOUND('',#1153,.T.);
#1236=FACE_BOUND('',#1154,.T.);
#1237=FACE_BOUND('',#1155,.T.);
#1238=FACE_BOUND('',#1156,.T.);
#1239=FACE_BOUND('',#1157,.T.);
#1240=FACE_BOUND('',#1158,.T.);
#1241=FACE_BOUND('',#1159,.T.);
#1242=FACE_BOUND('',#1160,.T.);
#1243=FACE_BOUND('',#1161,.T.);
#1244=FACE_BOUND('',#1162,.T.);
#1245=FACE_BOUND('',#1163,.T.);
#1246=FACE_BOUND('',#1164,.T.);
#1247=FACE_BOUND('',#1165,.T.);
#1248=FACE_BOUND('',#1166,.T.);
#1249=FACE_BOUND('',#1167,.T.);
#1250=FACE_BOUND('',#1168,.T.);
#1251=FACE_BOUND('',#1169,.T.);
#1252=FACE_BOUND('',#1170,.T.);
#1253=FACE_BOUND('',#1171,.T.);
#1254=FACE_BOUND('',#1172,.T.);
#1255=FACE_BOUND('',#1173,.T.);
#1256=FACE_BOUND('',#1174,.T.);
#1257=FACE_BOUND('',#1175,.T.);
#1258=FACE_BOUND('',#1176,.T.);
#1259=FACE_BOUND('',#1177,.T.);
#1260=FACE_BOUND('',#1178,.T.);
#1261=FACE_BOUND('',#1179,.T.);
#1262=FACE_BOUND('',#1180,.T.);
#1263=FACE_BOUND('',#1181,.T.);
#1264=FACE_BOUND('',#1182,.T.);
#1265=FACE_BOUND('',#1183,.T.);
#1266=FACE_BOUND('',#1184,.T.);
#1267=FACE_BOUND('',#1185,.T.);
#1268=FACE_BOUND('',#1186,.T.);
#1269=PLANE('',#1932);
#1270=PLANE('',#1935);
#1271=PLANE('',#1937);
#1272=PLANE('',#1938);
#1273=PLANE('',#1939);
#1274=PLANE('',#1940);
#1275=PLANE('',#1941);
#1276=PLANE('',#1942);
#1277=PLANE('',#1943);
#1278=PLANE('',#1944);
#1279=PLANE('',#1945);
#1280=PLANE('',#1946);
#1281=PLANE('',#1949);
#1282=PLANE('',#1950);
#1283=PLANE('',#1951);
#1284=PLANE('',#1952);
#1285=PLANE('',#1953);
#1286=PLANE('',#1954);
#1287=PLANE('',#1955);
#1288=PLANE('',#1956);
#1289=PLANE('',#1957);
#1290=PLANE('',#1958);
#1291=PLANE('',#1959);
#1292=PLANE('',#1962);
#1293=PLANE('',#1965);
#1294=PLANE('',#1966);
#1295=PLANE('',#1967);
#1296=PLANE('',#1968);
#1297=PLANE('',#1969);
#1298=PLANE('',#1970);
#1299=PLANE('',#1971);
#1300=PLANE('',#1972);
#1301=PLANE('',#1973);
#1302=PLANE('',#1974);
#1303=PLANE('',#1975);
#1304=PLANE('',#1976);
#1305=PLANE('',#1977);
#1306=PLANE('',#1978);
#1307=PLANE('',#1979);
#1308=PLANE('',#1980);
#1309=PLANE('',#1981);
#1310=PLANE('',#1982);
#1311=PLANE('',#1983);
#1312=PLANE('',#1984);
#1313=PLANE('',#1985);
#1314=PLANE('',#1986);
#1315=PLANE('',#1987);
#1316=PLANE('',#1988);
#1317=PLANE('',#1989);
#1318=PLANE('',#1990);
#1319=PLANE('',#1993);
#1320=PLANE('',#1994);
#1321=PLANE('',#1995);
#1322=PLANE('',#1996);
#1323=PLANE('',#1997);
#1324=PLANE('',#1998);
#1325=PLANE('',#1999);
#1326=PLANE('',#2000);
#1327=PLANE('',#2001);
#1328=PLANE('',#2002);
#1329=PLANE('',#2003);
#1330=PLANE('',#2004);
#1331=PLANE('',#2005);
#1332=PLANE('',#2006);
#1333=PLANE('',#2007);
#1334=PLANE('',#2008);
#1335=PLANE('',#2011);
#1336=PLANE('',#2014);
#1337=STYLED_ITEM('',(#1410),#1854);
#1338=STYLED_ITEM('',(#1411),#1855);
#1339=STYLED_ITEM('',(#1412),#1856);
#1340=STYLED_ITEM('',(#1413),#1857);
#1341=STYLED_ITEM('',(#1414),#1858);
#1342=STYLED_ITEM('',(#1415),#1859);
#1343=STYLED_ITEM('',(#1416),#1860);
#1344=STYLED_ITEM('',(#1417),#1861);
#1345=STYLED_ITEM('',(#1418),#1862);
#1346=STYLED_ITEM('',(#1419),#1863);
#1347=STYLED_ITEM('',(#1420),#1864);
#1348=STYLED_ITEM('',(#1421),#1865);
#1349=STYLED_ITEM('',(#1422),#1866);
#1350=STYLED_ITEM('',(#1423),#1867);
#1351=STYLED_ITEM('',(#1424),#1868);
#1352=STYLED_ITEM('',(#1425),#1869);
#1353=STYLED_ITEM('',(#1426),#1870);
#1354=STYLED_ITEM('',(#1427),#1871);
#1355=STYLED_ITEM('',(#1428),#1872);
#1356=STYLED_ITEM('',(#1429),#1873);
#1357=STYLED_ITEM('',(#1430),#1874);
#1358=STYLED_ITEM('',(#1431),#1875);
#1359=STYLED_ITEM('',(#1432),#1876);
#1360=STYLED_ITEM('',(#1433),#1877);
#1361=STYLED_ITEM('',(#1434),#1878);
#1362=STYLED_ITEM('',(#1435),#1879);
#1363=STYLED_ITEM('',(#1436),#1880);
#1364=STYLED_ITEM('',(#1437),#1881);
#1365=STYLED_ITEM('',(#1438),#1882);
#1366=STYLED_ITEM('',(#1439),#1883);
#1367=STYLED_ITEM('',(#1440),#1884);
#1368=STYLED_ITEM('',(#1441),#1885);
#1369=STYLED_ITEM('',(#1442),#1886);
#1370=STYLED_ITEM('',(#1443),#1887);
#1371=STYLED_ITEM('',(#1444),#1888);
#1372=STYLED_ITEM('',(#1445),#1889);
#1373=STYLED_ITEM('',(#1446),#1890);
#1374=STYLED_ITEM('',(#1447),#1891);
#1375=STYLED_ITEM('',(#1448),#1892);
#1376=STYLED_ITEM('',(#1449),#1893);
#1377=STYLED_ITEM('',(#1450),#1894);
#1378=STYLED_ITEM('',(#1451),#1895);
#1379=STYLED_ITEM('',(#1452),#1896);
#1380=STYLED_ITEM('',(#1453),#1897);
#1381=STYLED_ITEM('',(#1454),#1898);
#1382=STYLED_ITEM('',(#1455),#1899);
#1383=STYLED_ITEM('',(#1456),#1900);
#1384=STYLED_ITEM('',(#1457),#1901);
#1385=STYLED_ITEM('',(#1458),#1902);
#1386=STYLED_ITEM('',(#1459),#1903);
#1387=STYLED_ITEM('',(#1460),#1904);
#1388=STYLED_ITEM('',(#1461),#1905);
#1389=STYLED_ITEM('',(#1462),#1906);
#1390=STYLED_ITEM('',(#1463),#1907);
#1391=STYLED_ITEM('',(#1464),#1908);
#1392=STYLED_ITEM('',(#1465),#1909);
#1393=STYLED_ITEM('',(#1466),#1910);
#1394=STYLED_ITEM('',(#1467),#1911);
#1395=STYLED_ITEM('',(#1468),#1912);
#1396=STYLED_ITEM('',(#1469),#1913);
#1397=STYLED_ITEM('',(#1470),#1914);
#1398=STYLED_ITEM('',(#1471),#1915);
#1399=STYLED_ITEM('',(#1472),#1916);
#1400=STYLED_ITEM('',(#1473),#1917);
#1401=STYLED_ITEM('',(#1474),#1918);
#1402=STYLED_ITEM('',(#1475),#1919);
#1403=STYLED_ITEM('',(#1476),#1920);
#1404=STYLED_ITEM('',(#1477),#1921);
#1405=STYLED_ITEM('',(#1478),#1922);
#1406=STYLED_ITEM('',(#1479),#1923);
#1407=STYLED_ITEM('',(#1480),#1924);
#1408=STYLED_ITEM('',(#1481),#1925);
#1409=STYLED_ITEM('',(#1482),#1926);
#1410=PRESENTATION_STYLE_ASSIGNMENT((#1483));
#1411=PRESENTATION_STYLE_ASSIGNMENT((#1484));
#1412=PRESENTATION_STYLE_ASSIGNMENT((#1485));
#1413=PRESENTATION_STYLE_ASSIGNMENT((#1486));
#1414=PRESENTATION_STYLE_ASSIGNMENT((#1487));
#1415=PRESENTATION_STYLE_ASSIGNMENT((#1488));
#1416=PRESENTATION_STYLE_ASSIGNMENT((#1489));
#1417=PRESENTATION_STYLE_ASSIGNMENT((#1490));
#1418=PRESENTATION_STYLE_ASSIGNMENT((#1491));
#1419=PRESENTATION_STYLE_ASSIGNMENT((#1492));
#1420=PRESENTATION_STYLE_ASSIGNMENT((#1493));
#1421=PRESENTATION_STYLE_ASSIGNMENT((#1494));
#1422=PRESENTATION_STYLE_ASSIGNMENT((#1495));
#1423=PRESENTATION_STYLE_ASSIGNMENT((#1496));
#1424=PRESENTATION_STYLE_ASSIGNMENT((#1497));
#1425=PRESENTATION_STYLE_ASSIGNMENT((#1498));
#1426=PRESENTATION_STYLE_ASSIGNMENT((#1499));
#1427=PRESENTATION_STYLE_ASSIGNMENT((#1500));
#1428=PRESENTATION_STYLE_ASSIGNMENT((#1501));
#1429=PRESENTATION_STYLE_ASSIGNMENT((#1502));
#1430=PRESENTATION_STYLE_ASSIGNMENT((#1503));
#1431=PRESENTATION_STYLE_ASSIGNMENT((#1504));
#1432=PRESENTATION_STYLE_ASSIGNMENT((#1505));
#1433=PRESENTATION_STYLE_ASSIGNMENT((#1506));
#1434=PRESENTATION_STYLE_ASSIGNMENT((#1507));
#1435=PRESENTATION_STYLE_ASSIGNMENT((#1508));
#1436=PRESENTATION_STYLE_ASSIGNMENT((#1509));
#1437=PRESENTATION_STYLE_ASSIGNMENT((#1510));
#1438=PRESENTATION_STYLE_ASSIGNMENT((#1511));
#1439=PRESENTATION_STYLE_ASSIGNMENT((#1512));
#1440=PRESENTATION_STYLE_ASSIGNMENT((#1513));
#1441=PRESENTATION_STYLE_ASSIGNMENT((#1514));
#1442=PRESENTATION_STYLE_ASSIGNMENT((#1515));
#1443=PRESENTATION_STYLE_ASSIGNMENT((#1516));
#1444=PRESENTATION_STYLE_ASSIGNMENT((#1517));
#1445=PRESENTATION_STYLE_ASSIGNMENT((#1518));
#1446=PRESENTATION_STYLE_ASSIGNMENT((#1519));
#1447=PRESENTATION_STYLE_ASSIGNMENT((#1520));
#1448=PRESENTATION_STYLE_ASSIGNMENT((#1521));
#1449=PRESENTATION_STYLE_ASSIGNMENT((#1522));
#1450=PRESENTATION_STYLE_ASSIGNMENT((#1523));
#1451=PRESENTATION_STYLE_ASSIGNMENT((#1524));
#1452=PRESENTATION_STYLE_ASSIGNMENT((#1525));
#1453=PRESENTATION_STYLE_ASSIGNMENT((#1526));
#1454=PRESENTATION_STYLE_ASSIGNMENT((#1527));
#1455=PRESENTATION_STYLE_ASSIGNMENT((#1528));
#1456=PRESENTATION_STYLE_ASSIGNMENT((#1529));
#1457=PRESENTATION_STYLE_ASSIGNMENT((#1530));
#1458=PRESENTATION_STYLE_ASSIGNMENT((#1531));
#1459=PRESENTATION_STYLE_ASSIGNMENT((#1532));
#1460=PRESENTATION_STYLE_ASSIGNMENT((#1533));
#1461=PRESENTATION_STYLE_ASSIGNMENT((#1534));
#1462=PRESENTATION_STYLE_ASSIGNMENT((#1535));
#1463=PRESENTATION_STYLE_ASSIGNMENT((#1536));
#1464=PRESENTATION_STYLE_ASSIGNMENT((#1537));
#1465=PRESENTATION_STYLE_ASSIGNMENT((#1538));
#1466=PRESENTATION_STYLE_ASSIGNMENT((#1539));
#1467=PRESENTATION_STYLE_ASSIGNMENT((#1540));
#1468=PRESENTATION_STYLE_ASSIGNMENT((#1541));
#1469=PRESENTATION_STYLE_ASSIGNMENT((#1542));
#1470=PRESENTATION_STYLE_ASSIGNMENT((#1543));
#1471=PRESENTATION_STYLE_ASSIGNMENT((#1544));
#1472=PRESENTATION_STYLE_ASSIGNMENT((#1545));
#1473=PRESENTATION_STYLE_ASSIGNMENT((#1546));
#1474=PRESENTATION_STYLE_ASSIGNMENT((#1547));
#1475=PRESENTATION_STYLE_ASSIGNMENT((#1548));
#1476=PRESENTATION_STYLE_ASSIGNMENT((#1549));
#1477=PRESENTATION_STYLE_ASSIGNMENT((#1550));
#1478=PRESENTATION_STYLE_ASSIGNMENT((#1551));
#1479=PRESENTATION_STYLE_ASSIGNMENT((#1552));
#1480=PRESENTATION_STYLE_ASSIGNMENT((#1553));
#1481=PRESENTATION_STYLE_ASSIGNMENT((#1554));
#1482=PRESENTATION_STYLE_ASSIGNMENT((#1555));
#1483=SURFACE_STYLE_USAGE(.BOTH.,#1556);
#1484=SURFACE_STYLE_USAGE(.BOTH.,#1557);
#1485=SURFACE_STYLE_USAGE(.BOTH.,#1558);
#1486=SURFACE_STYLE_USAGE(.BOTH.,#1559);
#1487=SURFACE_STYLE_USAGE(.BOTH.,#1560);
#1488=SURFACE_STYLE_USAGE(.BOTH.,#1561);
#1489=SURFACE_STYLE_USAGE(.BOTH.,#1562);
#1490=SURFACE_STYLE_USAGE(.BOTH.,#1563);
#1491=SURFACE_STYLE_USAGE(.BOTH.,#1564);
#1492=SURFACE_STYLE_USAGE(.BOTH.,#1565);
#1493=SURFACE_STYLE_USAGE(.BOTH.,#1566);
#1494=SURFACE_STYLE_USAGE(.BOTH.,#1567);
#1495=SURFACE_STYLE_USAGE(.BOTH.,#1568);
#1496=SURFACE_STYLE_USAGE(.BOTH.,#1569);
#1497=SURFACE_STYLE_USAGE(.BOTH.,#1570);
#1498=SURFACE_STYLE_USAGE(.BOTH.,#1571);
#1499=SURFACE_STYLE_USAGE(.BOTH.,#1572);
#1500=SURFACE_STYLE_USAGE(.BOTH.,#1573);
#1501=SURFACE_STYLE_USAGE(.BOTH.,#1574);
#1502=SURFACE_STYLE_USAGE(.BOTH.,#1575);
#1503=SURFACE_STYLE_USAGE(.BOTH.,#1576);
#1504=SURFACE_STYLE_USAGE(.BOTH.,#1577);
#1505=SURFACE_STYLE_USAGE(.BOTH.,#1578);
#1506=SURFACE_STYLE_USAGE(.BOTH.,#1579);
#1507=SURFACE_STYLE_USAGE(.BOTH.,#1580);
#1508=SURFACE_STYLE_USAGE(.BOTH.,#1581);
#1509=SURFACE_STYLE_USAGE(.BOTH.,#1582);
#1510=SURFACE_STYLE_USAGE(.BOTH.,#1583);
#1511=SURFACE_STYLE_USAGE(.BOTH.,#1584);
#1512=SURFACE_STYLE_USAGE(.BOTH.,#1585);
#1513=SURFACE_STYLE_USAGE(.BOTH.,#1586);
#1514=SURFACE_STYLE_USAGE(.BOTH.,#1587);
#1515=SURFACE_STYLE_USAGE(.BOTH.,#1588);
#1516=SURFACE_STYLE_USAGE(.BOTH.,#1589);
#1517=SURFACE_STYLE_USAGE(.BOTH.,#1590);
#1518=SURFACE_STYLE_USAGE(.BOTH.,#1591);
#1519=SURFACE_STYLE_USAGE(.BOTH.,#1592);
#1520=SURFACE_STYLE_USAGE(.BOTH.,#1593);
#1521=SURFACE_STYLE_USAGE(.BOTH.,#1594);
#1522=SURFACE_STYLE_USAGE(.BOTH.,#1595);
#1523=SURFACE_STYLE_USAGE(.BOTH.,#1596);
#1524=SURFACE_STYLE_USAGE(.BOTH.,#1597);
#1525=SURFACE_STYLE_USAGE(.BOTH.,#1598);
#1526=SURFACE_STYLE_USAGE(.BOTH.,#1599);
#1527=SURFACE_STYLE_USAGE(.BOTH.,#1600);
#1528=SURFACE_STYLE_USAGE(.BOTH.,#1601);
#1529=SURFACE_STYLE_USAGE(.BOTH.,#1602);
#1530=SURFACE_STYLE_USAGE(.BOTH.,#1603);
#1531=SURFACE_STYLE_USAGE(.BOTH.,#1604);
#1532=SURFACE_STYLE_USAGE(.BOTH.,#1605);
#1533=SURFACE_STYLE_USAGE(.BOTH.,#1606);
#1534=SURFACE_STYLE_USAGE(.BOTH.,#1607);
#1535=SURFACE_STYLE_USAGE(.BOTH.,#1608);
#1536=SURFACE_STYLE_USAGE(.BOTH.,#1609);
#1537=SURFACE_STYLE_USAGE(.BOTH.,#1610);
#1538=SURFACE_STYLE_USAGE(.BOTH.,#1611);
#1539=SURFACE_STYLE_USAGE(.BOTH.,#1612);
#1540=SURFACE_STYLE_USAGE(.BOTH.,#1613);
#1541=SURFACE_STYLE_USAGE(.BOTH.,#1614);
#1542=SURFACE_STYLE_USAGE(.BOTH.,#1615);
#1543=SURFACE_STYLE_USAGE(.BOTH.,#1616);
#1544=SURFACE_STYLE_USAGE(.BOTH.,#1617);
#1545=SURFACE_STYLE_USAGE(.BOTH.,#1618);
#1546=SURFACE_STYLE_USAGE(.BOTH.,#1619);
#1547=SURFACE_STYLE_USAGE(.BOTH.,#1620);
#1548=SURFACE_STYLE_USAGE(.BOTH.,#1621);
#1549=SURFACE_STYLE_USAGE(.BOTH.,#1622);
#1550=SURFACE_STYLE_USAGE(.BOTH.,#1623);
#1551=SURFACE_STYLE_USAGE(.BOTH.,#1624);
#1552=SURFACE_STYLE_USAGE(.BOTH.,#1625);
#1553=SURFACE_STYLE_USAGE(.BOTH.,#1626);
#1554=SURFACE_STYLE_USAGE(.BOTH.,#1627);
#1555=SURFACE_STYLE_USAGE(.BOTH.,#1628);
#1556=SURFACE_SIDE_STYLE('',(#1629));
#1557=SURFACE_SIDE_STYLE('',(#1630));
#1558=SURFACE_SIDE_STYLE('',(#1631));
#1559=SURFACE_SIDE_STYLE('',(#1632));
#1560=SURFACE_SIDE_STYLE('',(#1633));
#1561=SURFACE_SIDE_STYLE('',(#1634));
#1562=SURFACE_SIDE_STYLE('',(#1635));
#1563=SURFACE_SIDE_STYLE('',(#1636));
#1564=SURFACE_SIDE_STYLE('',(#1637));
#1565=SURFACE_SIDE_STYLE('',(#1638));
#1566=SURFACE_SIDE_STYLE('',(#1639));
#1567=SURFACE_SIDE_STYLE('',(#1640));
#1568=SURFACE_SIDE_STYLE('',(#1641));
#1569=SURFACE_SIDE_STYLE('',(#1642));
#1570=SURFACE_SIDE_STYLE('',(#1643));
#1571=SURFACE_SIDE_STYLE('',(#1644));
#1572=SURFACE_SIDE_STYLE('',(#1645));
#1573=SURFACE_SIDE_STYLE('',(#1646));
#1574=SURFACE_SIDE_STYLE('',(#1647));
#1575=SURFACE_SIDE_STYLE('',(#1648));
#1576=SURFACE_SIDE_STYLE('',(#1649));
#1577=SURFACE_SIDE_STYLE('',(#1650));
#1578=SURFACE_SIDE_STYLE('',(#1651));
#1579=SURFACE_SIDE_STYLE('',(#1652));
#1580=SURFACE_SIDE_STYLE('',(#1653));
#1581=SURFACE_SIDE_STYLE('',(#1654));
#1582=SURFACE_SIDE_STYLE('',(#1655));
#1583=SURFACE_SIDE_STYLE('',(#1656));
#1584=SURFACE_SIDE_STYLE('',(#1657));
#1585=SURFACE_SIDE_STYLE('',(#1658));
#1586=SURFACE_SIDE_STYLE('',(#1659));
#1587=SURFACE_SIDE_STYLE('',(#1660));
#1588=SURFACE_SIDE_STYLE('',(#1661));
#1589=SURFACE_SIDE_STYLE('',(#1662));
#1590=SURFACE_SIDE_STYLE('',(#1663));
#1591=SURFACE_SIDE_STYLE('',(#1664));
#1592=SURFACE_SIDE_STYLE('',(#1665));
#1593=SURFACE_SIDE_STYLE('',(#1666));
#1594=SURFACE_SIDE_STYLE('',(#1667));
#1595=SURFACE_SIDE_STYLE('',(#1668));
#1596=SURFACE_SIDE_STYLE('',(#1669));
#1597=SURFACE_SIDE_STYLE('',(#1670));
#1598=SURFACE_SIDE_STYLE('',(#1671));
#1599=SURFACE_SIDE_STYLE('',(#1672));
#1600=SURFACE_SIDE_STYLE('',(#1673));
#1601=SURFACE_SIDE_STYLE('',(#1674));
#1602=SURFACE_SIDE_STYLE('',(#1675));
#1603=SURFACE_SIDE_STYLE('',(#1676));
#1604=SURFACE_SIDE_STYLE('',(#1677));
#1605=SURFACE_SIDE_STYLE('',(#1678));
#1606=SURFACE_SIDE_STYLE('',(#1679));
#1607=SURFACE_SIDE_STYLE('',(#1680));
#1608=SURFACE_SIDE_STYLE('',(#1681));
#1609=SURFACE_SIDE_STYLE('',(#1682));
#1610=SURFACE_SIDE_STYLE('',(#1683));
#1611=SURFACE_SIDE_STYLE('',(#1684));
#1612=SURFACE_SIDE_STYLE('',(#1685));
#1613=SURFACE_SIDE_STYLE('',(#1686));
#1614=SURFACE_SIDE_STYLE('',(#1687));
#1615=SURFACE_SIDE_STYLE('',(#1688));
#1616=SURFACE_SIDE_STYLE('',(#1689));
#1617=SURFACE_SIDE_STYLE('',(#1690));
#1618=SURFACE_SIDE_STYLE('',(#1691));
#1619=SURFACE_SIDE_STYLE('',(#1692));
#1620=SURFACE_SIDE_STYLE('',(#1693));
#1621=SURFACE_SIDE_STYLE('',(#1694));
#1622=SURFACE_SIDE_STYLE('',(#1695));
#1623=SURFACE_SIDE_STYLE('',(#1696));
#1624=SURFACE_SIDE_STYLE('',(#1697));
#1625=SURFACE_SIDE_STYLE('',(#1698));
#1626=SURFACE_SIDE_STYLE('',(#1699));
#1627=SURFACE_SIDE_STYLE('',(#1700));
#1628=SURFACE_SIDE_STYLE('',(#1701));
#1629=SURFACE_STYLE_FILL_AREA(#1702);
#1630=SURFACE_STYLE_FILL_AREA(#1703);
#1631=SURFACE_STYLE_FILL_AREA(#1704);
#1632=SURFACE_STYLE_FILL_AREA(#1705);
#1633=SURFACE_STYLE_FILL_AREA(#1706);
#1634=SURFACE_STYLE_FILL_AREA(#1707);
#1635=SURFACE_STYLE_FILL_AREA(#1708);
#1636=SURFACE_STYLE_FILL_AREA(#1709);
#1637=SURFACE_STYLE_FILL_AREA(#1710);
#1638=SURFACE_STYLE_FILL_AREA(#1711);
#1639=SURFACE_STYLE_FILL_AREA(#1712);
#1640=SURFACE_STYLE_FILL_AREA(#1713);
#1641=SURFACE_STYLE_FILL_AREA(#1714);
#1642=SURFACE_STYLE_FILL_AREA(#1715);
#1643=SURFACE_STYLE_FILL_AREA(#1716);
#1644=SURFACE_STYLE_FILL_AREA(#1717);
#1645=SURFACE_STYLE_FILL_AREA(#1718);
#1646=SURFACE_STYLE_FILL_AREA(#1719);
#1647=SURFACE_STYLE_FILL_AREA(#1720);
#1648=SURFACE_STYLE_FILL_AREA(#1721);
#1649=SURFACE_STYLE_FILL_AREA(#1722);
#1650=SURFACE_STYLE_FILL_AREA(#1723);
#1651=SURFACE_STYLE_FILL_AREA(#1724);
#1652=SURFACE_STYLE_FILL_AREA(#1725);
#1653=SURFACE_STYLE_FILL_AREA(#1726);
#1654=SURFACE_STYLE_FILL_AREA(#1727);
#1655=SURFACE_STYLE_FILL_AREA(#1728);
#1656=SURFACE_STYLE_FILL_AREA(#1729);
#1657=SURFACE_STYLE_FILL_AREA(#1730);
#1658=SURFACE_STYLE_FILL_AREA(#1731);
#1659=SURFACE_STYLE_FILL_AREA(#1732);
#1660=SURFACE_STYLE_FILL_AREA(#1733);
#1661=SURFACE_STYLE_FILL_AREA(#1734);
#1662=SURFACE_STYLE_FILL_AREA(#1735);
#1663=SURFACE_STYLE_FILL_AREA(#1736);
#1664=SURFACE_STYLE_FILL_AREA(#1737);
#1665=SURFACE_STYLE_FILL_AREA(#1738);
#1666=SURFACE_STYLE_FILL_AREA(#1739);
#1667=SURFACE_STYLE_FILL_AREA(#1740);
#1668=SURFACE_STYLE_FILL_AREA(#1741);
#1669=SURFACE_STYLE_FILL_AREA(#1742);
#1670=SURFACE_STYLE_FILL_AREA(#1743);
#1671=SURFACE_STYLE_FILL_AREA(#1744);
#1672=SURFACE_STYLE_FILL_AREA(#1745);
#1673=SURFACE_STYLE_FILL_AREA(#1746);
#1674=SURFACE_STYLE_FILL_AREA(#1747);
#1675=SURFACE_STYLE_FILL_AREA(#1748);
#1676=SURFACE_STYLE_FILL_AREA(#1749);
#1677=SURFACE_STYLE_FILL_AREA(#1750);
#1678=SURFACE_STYLE_FILL_AREA(#1751);
#1679=SURFACE_STYLE_FILL_AREA(#1752);
#1680=SURFACE_STYLE_FILL_AREA(#1753);
#1681=SURFACE_STYLE_FILL_AREA(#1754);
#1682=SURFACE_STYLE_FILL_AREA(#1755);
#1683=SURFACE_STYLE_FILL_AREA(#1756);
#1684=SURFACE_STYLE_FILL_AREA(#1757);
#1685=SURFACE_STYLE_FILL_AREA(#1758);
#1686=SURFACE_STYLE_FILL_AREA(#1759);
#1687=SURFACE_STYLE_FILL_AREA(#1760);
#1688=SURFACE_STYLE_FILL_AREA(#1761);
#1689=SURFACE_STYLE_FILL_AREA(#1762);
#1690=SURFACE_STYLE_FILL_AREA(#1763);
#1691=SURFACE_STYLE_FILL_AREA(#1764);
#1692=SURFACE_STYLE_FILL_AREA(#1765);
#1693=SURFACE_STYLE_FILL_AREA(#1766);
#1694=SURFACE_STYLE_FILL_AREA(#1767);
#1695=SURFACE_STYLE_FILL_AREA(#1768);
#1696=SURFACE_STYLE_FILL_AREA(#1769);
#1697=SURFACE_STYLE_FILL_AREA(#1770);
#1698=SURFACE_STYLE_FILL_AREA(#1771);
#1699=SURFACE_STYLE_FILL_AREA(#1772);
#1700=SURFACE_STYLE_FILL_AREA(#1773);
#1701=SURFACE_STYLE_FILL_AREA(#1774);
#1702=FILL_AREA_STYLE('',(#1775));
#1703=FILL_AREA_STYLE('',(#1776));
#1704=FILL_AREA_STYLE('',(#1777));
#1705=FILL_AREA_STYLE('',(#1778));
#1706=FILL_AREA_STYLE('',(#1779));
#1707=FILL_AREA_STYLE('',(#1780));
#1708=FILL_AREA_STYLE('',(#1781));
#1709=FILL_AREA_STYLE('',(#1782));
#1710=FILL_AREA_STYLE('',(#1783));
#1711=FILL_AREA_STYLE('',(#1784));
#1712=FILL_AREA_STYLE('',(#1785));
#1713=FILL_AREA_STYLE('',(#1786));
#1714=FILL_AREA_STYLE('',(#1787));
#1715=FILL_AREA_STYLE('',(#1788));
#1716=FILL_AREA_STYLE('',(#1789));
#1717=FILL_AREA_STYLE('',(#1790));
#1718=FILL_AREA_STYLE('',(#1791));
#1719=FILL_AREA_STYLE('',(#1792));
#1720=FILL_AREA_STYLE('',(#1793));
#1721=FILL_AREA_STYLE('',(#1794));
#1722=FILL_AREA_STYLE('',(#1795));
#1723=FILL_AREA_STYLE('',(#1796));
#1724=FILL_AREA_STYLE('',(#1797));
#1725=FILL_AREA_STYLE('',(#1798));
#1726=FILL_AREA_STYLE('',(#1799));
#1727=FILL_AREA_STYLE('',(#1800));
#1728=FILL_AREA_STYLE('',(#1801));
#1729=FILL_AREA_STYLE('',(#1802));
#1730=FILL_AREA_STYLE('',(#1803));
#1731=FILL_AREA_STYLE('',(#1804));
#1732=FILL_AREA_STYLE('',(#1805));
#1733=FILL_AREA_STYLE('',(#1806));
#1734=FILL_AREA_STYLE('',(#1807));
#1735=FILL_AREA_STYLE('',(#1808));
#1736=FILL_AREA_STYLE('',(#1809));
#1737=FILL_AREA_STYLE('',(#1810));
#1738=FILL_AREA_STYLE('',(#1811));
#1739=FILL_AREA_STYLE('',(#1812));
#1740=FILL_AREA_STYLE('',(#1813));
#1741=FILL_AREA_STYLE('',(#1814));
#1742=FILL_AREA_STYLE('',(#1815));
#1743=FILL_AREA_STYLE('',(#1816));
#1744=FILL_AREA_STYLE('',(#1817));
#1745=FILL_AREA_STYLE('',(#1818));
#1746=FILL_AREA_STYLE('',(#1819));
#1747=FILL_AREA_STYLE('',(#1820));
#1748=FILL_AREA_STYLE('',(#1821));
#1749=FILL_AREA_STYLE('',(#1822));
#1750=FILL_AREA_STYLE('',(#1823));
#1751=FILL_AREA_STYLE('',(#1824));
#1752=FILL_AREA_STYLE('',(#1825));
#1753=FILL_AREA_STYLE('',(#1826));
#1754=FILL_AREA_STYLE('',(#1827));
#1755=FILL_AREA_STYLE('',(#1828));
#1756=FILL_AREA_STYLE('',(#1829));
#1757=FILL_AREA_STYLE('',(#1830));
#1758=FILL_AREA_STYLE('',(#1831));
#1759=FILL_AREA_STYLE('',(#1832));
#1760=FILL_AREA_STYLE('',(#1833));
#1761=FILL_AREA_STYLE('',(#1834));
#1762=FILL_AREA_STYLE('',(#1835));
#1763=FILL_AREA_STYLE('',(#1836));
#1764=FILL_AREA_STYLE('',(#1837));
#1765=FILL_AREA_STYLE('',(#1838));
#1766=FILL_AREA_STYLE('',(#1839));
#1767=FILL_AREA_STYLE('',(#1840));
#1768=FILL_AREA_STYLE('',(#1841));
#1769=FILL_AREA_STYLE('',(#1842));
#1770=FILL_AREA_STYLE('',(#1843));
#1771=FILL_AREA_STYLE('',(#1844));
#1772=FILL_AREA_STYLE('',(#1845));
#1773=FILL_AREA_STYLE('',(#1846));
#1774=FILL_AREA_STYLE('',(#1847));
#1775=FILL_AREA_STYLE_COLOUR('',#1848);
#1776=FILL_AREA_STYLE_COLOUR('',#1849);
#1777=FILL_AREA_STYLE_COLOUR('',#1850);
#1778=FILL_AREA_STYLE_COLOUR('',#1850);
#1779=FILL_AREA_STYLE_COLOUR('',#1850);
#1780=FILL_AREA_STYLE_COLOUR('',#1850);
#1781=FILL_AREA_STYLE_COLOUR('',#1850);
#1782=FILL_AREA_STYLE_COLOUR('',#1850);
#1783=FILL_AREA_STYLE_COLOUR('',#1849);
#1784=FILL_AREA_STYLE_COLOUR('',#1850);
#1785=FILL_AREA_STYLE_COLOUR('',#1850);
#1786=FILL_AREA_STYLE_COLOUR('',#1848);
#1787=FILL_AREA_STYLE_COLOUR('',#1848);
#1788=FILL_AREA_STYLE_COLOUR('',#1848);
#1789=FILL_AREA_STYLE_COLOUR('',#1848);
#1790=FILL_AREA_STYLE_COLOUR('',#1848);
#1791=FILL_AREA_STYLE_COLOUR('',#1848);
#1792=FILL_AREA_STYLE_COLOUR('',#1848);
#1793=FILL_AREA_STYLE_COLOUR('',#1851);
#1794=FILL_AREA_STYLE_COLOUR('',#1848);
#1795=FILL_AREA_STYLE_COLOUR('',#1851);
#1796=FILL_AREA_STYLE_COLOUR('',#1848);
#1797=FILL_AREA_STYLE_COLOUR('',#1848);
#1798=FILL_AREA_STYLE_COLOUR('',#1850);
#1799=FILL_AREA_STYLE_COLOUR('',#1850);
#1800=FILL_AREA_STYLE_COLOUR('',#1850);
#1801=FILL_AREA_STYLE_COLOUR('',#1850);
#1802=FILL_AREA_STYLE_COLOUR('',#1852);
#1803=FILL_AREA_STYLE_COLOUR('',#1852);
#1804=FILL_AREA_STYLE_COLOUR('',#1852);
#1805=FILL_AREA_STYLE_COLOUR('',#1852);
#1806=FILL_AREA_STYLE_COLOUR('',#1849);
#1807=FILL_AREA_STYLE_COLOUR('',#1849);
#1808=FILL_AREA_STYLE_COLOUR('',#1849);
#1809=FILL_AREA_STYLE_COLOUR('',#1850);
#1810=FILL_AREA_STYLE_COLOUR('',#1850);
#1811=FILL_AREA_STYLE_COLOUR('',#1850);
#1812=FILL_AREA_STYLE_COLOUR('',#1850);
#1813=FILL_AREA_STYLE_COLOUR('',#1850);
#1814=FILL_AREA_STYLE_COLOUR('',#1850);
#1815=FILL_AREA_STYLE_COLOUR('',#1850);
#1816=FILL_AREA_STYLE_COLOUR('',#1850);
#1817=FILL_AREA_STYLE_COLOUR('',#1850);
#1818=FILL_AREA_STYLE_COLOUR('',#1850);
#1819=FILL_AREA_STYLE_COLOUR('',#1850);
#1820=FILL_AREA_STYLE_COLOUR('',#1850);
#1821=FILL_AREA_STYLE_COLOUR('',#1849);
#1822=FILL_AREA_STYLE_COLOUR('',#1849);
#1823=FILL_AREA_STYLE_COLOUR('',#1849);
#1824=FILL_AREA_STYLE_COLOUR('',#1849);
#1825=FILL_AREA_STYLE_COLOUR('',#1849);
#1826=FILL_AREA_STYLE_COLOUR('',#1849);
#1827=FILL_AREA_STYLE_COLOUR('',#1849);
#1828=FILL_AREA_STYLE_COLOUR('',#1849);
#1829=FILL_AREA_STYLE_COLOUR('',#1850);
#1830=FILL_AREA_STYLE_COLOUR('',#1850);
#1831=FILL_AREA_STYLE_COLOUR('',#1850);
#1832=FILL_AREA_STYLE_COLOUR('',#1850);
#1833=FILL_AREA_STYLE_COLOUR('',#1850);
#1834=FILL_AREA_STYLE_COLOUR('',#1850);
#1835=FILL_AREA_STYLE_COLOUR('',#1850);
#1836=FILL_AREA_STYLE_COLOUR('',#1850);
#1837=FILL_AREA_STYLE_COLOUR('',#1850);
#1838=FILL_AREA_STYLE_COLOUR('',#1848);
#1839=FILL_AREA_STYLE_COLOUR('',#1848);
#1840=FILL_AREA_STYLE_COLOUR('',#1848);
#1841=FILL_AREA_STYLE_COLOUR('',#1848);
#1842=FILL_AREA_STYLE_COLOUR('',#1848);
#1843=FILL_AREA_STYLE_COLOUR('',#1853);
#1844=FILL_AREA_STYLE_COLOUR('',#1853);
#1845=FILL_AREA_STYLE_COLOUR('',#1853);
#1846=FILL_AREA_STYLE_COLOUR('',#1853);
#1847=FILL_AREA_STYLE_COLOUR('',#1853);
#1848=COLOUR_RGB('',1.,0.18823529779911,0.18823529779911);
#1849=COLOUR_RGB('',0.86666667461395,0.87058824300766,0.83137255907059);
#1850=COLOUR_RGB('',0.20000000298023,0.20000000298023,0.20000000298023);
#1851=COLOUR_RGB('',0.689999997615814,0.689999997615814,0.689999997615814);
#1852=COLOUR_RGB('',0.10588235408068,0.80000001192093,0.20784313976765);
#1853=COLOUR_RGB('',0.94117647409439,0.92549020051956,0.88235294818878);
#1854=ADVANCED_FACE('',(#1187,#1188,#1189),#1269,.F.);
#1855=ADVANCED_FACE('',(#1190,#1191),#1270,.T.);
#1856=ADVANCED_FACE('',(#1192),#1271,.F.);
#1857=ADVANCED_FACE('',(#1193),#1272,.F.);
#1858=ADVANCED_FACE('',(#1194),#1273,.F.);
#1859=ADVANCED_FACE('',(#1195),#1274,.F.);
#1860=ADVANCED_FACE('',(#1196),#1275,.F.);
#1861=ADVANCED_FACE('',(#1197),#1276,.F.);
#1862=ADVANCED_FACE('',(#1198),#1277,.T.);
#1863=ADVANCED_FACE('',(#1199),#1278,.F.);
#1864=ADVANCED_FACE('',(#1200),#1279,.F.);
#1865=ADVANCED_FACE('',(#1201,#1202,#1203,#1204),#1280,.F.);
#1866=ADVANCED_FACE('',(#1205),#1281,.F.);
#1867=ADVANCED_FACE('',(#1206),#1282,.F.);
#1868=ADVANCED_FACE('',(#1207),#1283,.F.);
#1869=ADVANCED_FACE('',(#1208),#1284,.F.);
#1870=ADVANCED_FACE('',(#1209),#1285,.T.);
#1871=ADVANCED_FACE('',(#1210),#1286,.F.);
#1872=ADVANCED_FACE('',(#1211),#1287,.F.);
#1873=ADVANCED_FACE('',(#1212),#1288,.F.);
#1874=ADVANCED_FACE('',(#1213),#1289,.F.);
#1875=ADVANCED_FACE('',(#1214),#1290,.F.);
#1876=ADVANCED_FACE('',(#1215),#1291,.T.);
#1877=ADVANCED_FACE('',(#1216,#1217),#20,.T.);
#1878=ADVANCED_FACE('',(#1218),#1292,.T.);
#1879=ADVANCED_FACE('',(#1219,#1220),#21,.T.);
#1880=ADVANCED_FACE('',(#1221),#1293,.T.);
#1881=ADVANCED_FACE('',(#1222),#1294,.F.);
#1882=ADVANCED_FACE('',(#1223),#1295,.F.);
#1883=ADVANCED_FACE('',(#1224),#1296,.F.);
#1884=ADVANCED_FACE('',(#1225),#1297,.T.);
#1885=ADVANCED_FACE('',(#1226),#1298,.F.);
#1886=ADVANCED_FACE('',(#1227),#1299,.F.);
#1887=ADVANCED_FACE('',(#1228),#1300,.F.);
#1888=ADVANCED_FACE('',(#1229),#1301,.F.);
#1889=ADVANCED_FACE('',(#1230),#1302,.F.);
#1890=ADVANCED_FACE('',(#1231),#1303,.T.);
#1891=ADVANCED_FACE('',(#1232),#1304,.F.);
#1892=ADVANCED_FACE('',(#1233),#1305,.F.);
#1893=ADVANCED_FACE('',(#1234),#1306,.T.);
#1894=ADVANCED_FACE('',(#1235),#1307,.F.);
#1895=ADVANCED_FACE('',(#1236),#1308,.F.);
#1896=ADVANCED_FACE('',(#1237),#1309,.T.);
#1897=ADVANCED_FACE('',(#1238),#1310,.F.);
#1898=ADVANCED_FACE('',(#1239),#1311,.F.);
#1899=ADVANCED_FACE('',(#1240),#1312,.T.);
#1900=ADVANCED_FACE('',(#1241),#1313,.F.);
#1901=ADVANCED_FACE('',(#1242),#1314,.F.);
#1902=ADVANCED_FACE('',(#1243),#1315,.F.);
#1903=ADVANCED_FACE('',(#1244),#1316,.F.);
#1904=ADVANCED_FACE('',(#1245),#1317,.F.);
#1905=ADVANCED_FACE('',(#1246),#1318,.F.);
#1906=ADVANCED_FACE('',(#1247,#1248),#22,.T.);
#1907=ADVANCED_FACE('',(#1249),#1319,.T.);
#1908=ADVANCED_FACE('',(#1250),#1320,.F.);
#1909=ADVANCED_FACE('',(#1251),#1321,.T.);
#1910=ADVANCED_FACE('',(#1252),#1322,.F.);
#1911=ADVANCED_FACE('',(#1253),#1323,.F.);
#1912=ADVANCED_FACE('',(#1254),#1324,.T.);
#1913=ADVANCED_FACE('',(#1255),#1325,.F.);
#1914=ADVANCED_FACE('',(#1256),#1326,.F.);
#1915=ADVANCED_FACE('',(#1257),#1327,.T.);
#1916=ADVANCED_FACE('',(#1258),#1328,.F.);
#1917=ADVANCED_FACE('',(#1259),#1329,.F.);
#1918=ADVANCED_FACE('',(#1260),#1330,.F.);
#1919=ADVANCED_FACE('',(#1261),#1331,.F.);
#1920=ADVANCED_FACE('',(#1262),#1332,.F.);
#1921=ADVANCED_FACE('',(#1263),#1333,.F.);
#1922=ADVANCED_FACE('',(#1264),#1334,.F.);
#1923=ADVANCED_FACE('',(#1265),#23,.T.);
#1924=ADVANCED_FACE('',(#1266),#1335,.F.);
#1925=ADVANCED_FACE('',(#1267),#24,.T.);
#1926=ADVANCED_FACE('',(#1268),#1336,.F.);
#1927=CLOSED_SHELL('',(#1854,#1855,#1856,#1857,#1858,#1859,#1860,#1861,
#1862,#1863,#1864,#1865,#1866,#1867,#1868,#1869,#1870,#1871,#1872,#1873,
#1874,#1875,#1876,#1877,#1878,#1879,#1880,#1881,#1882,#1883,#1884,#1885,
#1886,#1887,#1888,#1889,#1890,#1891,#1892,#1893,#1894,#1895,#1896,#1897,
#1898,#1899,#1900,#1901,#1902,#1903,#1904,#1905,#1906,#1907,#1908,#1909,
#1910,#1911,#1912,#1913,#1914,#1915,#1916,#1917,#1918,#1919,#1920,#1921,
#1922,#1923,#1924,#1925,#1926));
#1928=MANIFOLD_SOLID_BREP('S54321-F12-A1 (200)',#1927);
#1929=SHAPE_DEFINITION_REPRESENTATION(#2767,#1930);
#1930=SHAPE_REPRESENTATION('S54321-F12-A1 (200)',(#1931),#2762);
#1931=AXIS2_PLACEMENT_3D('',#2365,#2015,#2016);
#1932=AXIS2_PLACEMENT_3D('',#2366,#2017,#2018);
#1933=AXIS2_PLACEMENT_3D('',#2370,#2020,#2021);
#1934=AXIS2_PLACEMENT_3D('',#2374,#2023,#2024);
#1935=AXIS2_PLACEMENT_3D('',#2391,#2033,#2034);
#1936=AXIS2_PLACEMENT_3D('',#2392,#2035,#2036);
#1937=AXIS2_PLACEMENT_3D('',#2446,#2063,#2064);
#1938=AXIS2_PLACEMENT_3D('',#2460,#2072,#2073);
#1939=AXIS2_PLACEMENT_3D('',#2474,#2081,#2082);
#1940=AXIS2_PLACEMENT_3D('',#2488,#2090,#2091);
#1941=AXIS2_PLACEMENT_3D('',#2502,#2099,#2100);
#1942=AXIS2_PLACEMENT_3D('',#2516,#2108,#2109);
#1943=AXIS2_PLACEMENT_3D('',#2530,#2117,#2118);
#1944=AXIS2_PLACEMENT_3D('',#2557,#2135,#2136);
#1945=AXIS2_PLACEMENT_3D('',#2564,#2141,#2142);
#1946=AXIS2_PLACEMENT_3D('',#2571,#2147,#2148);
#1947=AXIS2_PLACEMENT_3D('',#2572,#2149,#2150);
#1948=AXIS2_PLACEMENT_3D('',#2574,#2151,#2152);
#1949=AXIS2_PLACEMENT_3D('',#2592,#2161,#2162);
#1950=AXIS2_PLACEMENT_3D('',#2595,#2165,#2166);
#1951=AXIS2_PLACEMENT_3D('',#2601,#2170,#2171);
#1952=AXIS2_PLACEMENT_3D('',#2607,#2175,#2176);
#1953=AXIS2_PLACEMENT_3D('',#2610,#2179,#2180);
#1954=AXIS2_PLACEMENT_3D('',#2611,#2181,#2182);
#1955=AXIS2_PLACEMENT_3D('',#2612,#2183,#2184);
#1956=AXIS2_PLACEMENT_3D('',#2631,#2195,#2196);
#1957=AXIS2_PLACEMENT_3D('',#2635,#2199,#2200);
#1958=AXIS2_PLACEMENT_3D('',#2654,#2212,#2213);
#1959=AXIS2_PLACEMENT_3D('',#2656,#2215,#2216);
#1960=AXIS2_PLACEMENT_3D('',#2658,#2218,#2219);
#1961=AXIS2_PLACEMENT_3D('',#2659,#2220,#2221);
#1962=AXIS2_PLACEMENT_3D('',#2661,#2222,#2223);
#1963=AXIS2_PLACEMENT_3D('',#2662,#2224,#2225);
#1964=AXIS2_PLACEMENT_3D('',#2663,#2226,#2227);
#1965=AXIS2_PLACEMENT_3D('',#2665,#2228,#2229);
#1966=AXIS2_PLACEMENT_3D('',#2666,#2230,#2231);
#1967=AXIS2_PLACEMENT_3D('',#2668,#2233,#2234);
#1968=AXIS2_PLACEMENT_3D('',#2670,#2236,#2237);
#1969=AXIS2_PLACEMENT_3D('',#2672,#2239,#2240);
#1970=AXIS2_PLACEMENT_3D('',#2674,#2242,#2243);
#1971=AXIS2_PLACEMENT_3D('',#2676,#2245,#2246);
#1972=AXIS2_PLACEMENT_3D('',#2677,#2247,#2248);
#1973=AXIS2_PLACEMENT_3D('',#2678,#2249,#2250);
#1974=AXIS2_PLACEMENT_3D('',#2680,#2252,#2253);
#1975=AXIS2_PLACEMENT_3D('',#2682,#2255,#2256);
#1976=AXIS2_PLACEMENT_3D('',#2683,#2257,#2258);
#1977=AXIS2_PLACEMENT_3D('',#2685,#2260,#2261);
#1978=AXIS2_PLACEMENT_3D('',#2687,#2263,#2264);
#1979=AXIS2_PLACEMENT_3D('',#2688,#2265,#2266);
#1980=AXIS2_PLACEMENT_3D('',#2690,#2268,#2269);
#1981=AXIS2_PLACEMENT_3D('',#2692,#2271,#2272);
#1982=AXIS2_PLACEMENT_3D('',#2693,#2273,#2274);
#1983=AXIS2_PLACEMENT_3D('',#2695,#2276,#2277);
#1984=AXIS2_PLACEMENT_3D('',#2697,#2279,#2280);
#1985=AXIS2_PLACEMENT_3D('',#2698,#2281,#2282);
#1986=AXIS2_PLACEMENT_3D('',#2700,#2284,#2285);
#1987=AXIS2_PLACEMENT_3D('',#2702,#2287,#2288);
#1988=AXIS2_PLACEMENT_3D('',#2704,#2290,#2291);
#1989=AXIS2_PLACEMENT_3D('',#2706,#2293,#2294);
#1990=AXIS2_PLACEMENT_3D('',#2707,#2295,#2296);
#1991=AXIS2_PLACEMENT_3D('',#2708,#2297,#2298);
#1992=AXIS2_PLACEMENT_3D('',#2709,#2299,#2300);
#1993=AXIS2_PLACEMENT_3D('',#2711,#2301,#2302);
#1994=AXIS2_PLACEMENT_3D('',#2712,#2303,#2304);
#1995=AXIS2_PLACEMENT_3D('',#2714,#2306,#2307);
#1996=AXIS2_PLACEMENT_3D('',#2716,#2309,#2310);
#1997=AXIS2_PLACEMENT_3D('',#2717,#2311,#2312);
#1998=AXIS2_PLACEMENT_3D('',#2719,#2314,#2315);
#1999=AXIS2_PLACEMENT_3D('',#2721,#2317,#2318);
#2000=AXIS2_PLACEMENT_3D('',#2722,#2319,#2320);
#2001=AXIS2_PLACEMENT_3D('',#2724,#2322,#2323);
#2002=AXIS2_PLACEMENT_3D('',#2726,#2325,#2326);
#2003=AXIS2_PLACEMENT_3D('',#2727,#2327,#2328);
#2004=AXIS2_PLACEMENT_3D('',#2733,#2332,#2333);
#2005=AXIS2_PLACEMENT_3D('',#2737,#2336,#2337);
#2006=AXIS2_PLACEMENT_3D('',#2741,#2340,#2341);
#2007=AXIS2_PLACEMENT_3D('',#2743,#2343,#2344);
#2008=AXIS2_PLACEMENT_3D('',#2744,#2345,#2346);
#2009=AXIS2_PLACEMENT_3D('',#2750,#2350,#2351);
#2010=AXIS2_PLACEMENT_3D('',#2753,#2353,#2354);
#2011=AXIS2_PLACEMENT_3D('',#2754,#2355,#2356);
#2012=AXIS2_PLACEMENT_3D('',#2758,#2359,#2360);
#2013=AXIS2_PLACEMENT_3D('',#2759,#2361,#2362);
#2014=AXIS2_PLACEMENT_3D('',#2760,#2363,#2364);
#2015=DIRECTION('',(0.,0.,1.));
#2016=DIRECTION('',(1.,0.,0.));
#2017=DIRECTION('',(0.,1.,0.));
#2018=DIRECTION('',(0.,0.,1.));
#2019=DIRECTION('',(-0.269945275058899,0.,0.962875666154969));
#2020=DIRECTION('',(0.,1.,0.));
#2021=DIRECTION('',(0.,0.,1.));
#2022=DIRECTION('',(-0.269945275058898,0.,-0.962875666154969));
#2023=DIRECTION('',(0.,1.,0.));
#2024=DIRECTION('',(0.,0.,1.));
#2025=DIRECTION('',(0.,0.,-1.));
#2026=DIRECTION('',(-1.,0.,0.));
#2027=DIRECTION('',(0.,0.,-1.));
#2028=DIRECTION('',(-1.,0.,0.));
#2029=DIRECTION('',(1.,0.,0.));
#2030=DIRECTION('',(0.,0.,-1.));
#2031=DIRECTION('',(-1.,0.,0.));
#2032=DIRECTION('',(0.,0.,1.));
#2033=DIRECTION('',(0.,1.,0.));
#2034=DIRECTION('',(0.,0.,1.));
#2035=DIRECTION('',(0.,1.,0.));
#2036=DIRECTION('',(1.,0.,0.));
#2037=DIRECTION('',(-1.,0.,0.));
#2038=DIRECTION('',(0.,0.,1.));
#2039=DIRECTION('',(1.,0.,0.));
#2040=DIRECTION('',(-4.72033598905254E-15,0.,1.));
#2041=DIRECTION('',(-1.,0.,0.));
#2042=DIRECTION('',(0.,0.,1.));
#2043=DIRECTION('',(1.,0.,0.));
#2044=DIRECTION('',(-4.72033598905254E-15,0.,1.));
#2045=DIRECTION('',(-1.,0.,0.));
#2046=DIRECTION('',(0.,0.,1.));
#2047=DIRECTION('',(1.,0.,0.));
#2048=DIRECTION('',(0.,0.,1.));
#2049=DIRECTION('',(-1.,0.,0.));
#2050=DIRECTION('',(0.,0.,1.));
#2051=DIRECTION('',(1.,0.,0.));
#2052=DIRECTION('',(0.,0.,1.));
#2053=DIRECTION('',(-1.,0.,0.));
#2054=DIRECTION('',(0.,0.,-1.));
#2055=DIRECTION('',(-1.,0.,8.38030664723095E-17));
#2056=DIRECTION('',(0.,0.,1.));
#2057=DIRECTION('',(1.,0.,0.));
#2058=DIRECTION('',(0.,0.,-1.));
#2059=DIRECTION('',(1.,0.,0.));
#2060=DIRECTION('',(0.,0.,1.));
#2061=DIRECTION('',(1.,0.,0.));
#2062=DIRECTION('',(0.,0.,1.));
#2063=DIRECTION('',(0.,0.,1.));
#2064=DIRECTION('',(1.,0.,0.));
#2065=DIRECTION('',(0.,-1.,0.));
#2066=DIRECTION('',(0.,-1.,0.));
#2067=DIRECTION('',(-1.,0.,0.));
#2068=DIRECTION('',(0.,-1.,0.));
#2069=DIRECTION('',(-1.,0.,0.));
#2070=DIRECTION('',(0.,-1.,0.));
#2071=DIRECTION('',(1.,0.,0.));
#2072=DIRECTION('',(0.,0.,-1.));
#2073=DIRECTION('',(-1.,0.,0.));
#2074=DIRECTION('',(0.,-1.,0.));
#2075=DIRECTION('',(1.,0.,0.));
#2076=DIRECTION('',(0.,1.,0.));
#2077=DIRECTION('',(1.,0.,0.));
#2078=DIRECTION('',(0.,-1.,0.));
#2079=DIRECTION('',(1.,0.,0.));
#2080=DIRECTION('',(0.,-1.,0.));
#2081=DIRECTION('',(0.,0.,1.));
#2082=DIRECTION('',(1.,0.,0.));
#2083=DIRECTION('',(0.,1.,0.));
#2084=DIRECTION('',(0.,-1.,0.));
#2085=DIRECTION('',(-1.,0.,0.));
#2086=DIRECTION('',(0.,-1.,0.));
#2087=DIRECTION('',(-1.,0.,0.));
#2088=DIRECTION('',(0.,-1.,0.));
#2089=DIRECTION('',(-1.,0.,0.));
#2090=DIRECTION('',(0.,0.,-1.));
#2091=DIRECTION('',(-1.,0.,0.));
#2092=DIRECTION('',(0.,-1.,0.));
#2093=DIRECTION('',(1.,0.,0.));
#2094=DIRECTION('',(0.,1.,0.));
#2095=DIRECTION('',(1.,0.,0.));
#2096=DIRECTION('',(0.,-1.,0.));
#2097=DIRECTION('',(1.,0.,0.));
#2098=DIRECTION('',(0.,-1.,0.));
#2099=DIRECTION('',(0.,0.,1.));
#2100=DIRECTION('',(1.,0.,0.));
#2101=DIRECTION('',(0.,1.,0.));
#2102=DIRECTION('',(0.,-1.,0.));
#2103=DIRECTION('',(-1.,0.,0.));
#2104=DIRECTION('',(0.,-1.,0.));
#2105=DIRECTION('',(-1.,0.,0.));
#2106=DIRECTION('',(0.,-1.,0.));
#2107=DIRECTION('',(-1.,0.,0.));
#2108=DIRECTION('',(0.,0.,-1.));
#2109=DIRECTION('',(-1.,0.,0.));
#2110=DIRECTION('',(0.,-1.,0.));
#2111=DIRECTION('',(-1.,0.,0.));
#2112=DIRECTION('',(0.,-1.,0.));
#2113=DIRECTION('',(1.,0.,0.));
#2114=DIRECTION('',(0.,-1.,0.));
#2115=DIRECTION('',(1.,0.,0.));
#2116=DIRECTION('',(0.,-1.,0.));
#2117=DIRECTION('',(0.,1.,0.));
#2118=DIRECTION('',(0.,0.,1.));
#2119=DIRECTION('',(0.,0.,1.));
#2120=DIRECTION('',(0.,0.,-1.));
#2121=DIRECTION('',(0.,0.,1.));
#2122=DIRECTION('',(0.,0.,-1.));
#2123=DIRECTION('',(0.,0.,1.));
#2124=DIRECTION('',(0.,0.,-1.));
#2125=DIRECTION('',(1.,0.,0.));
#2126=DIRECTION('',(0.,0.,1.));
#2127=DIRECTION('',(1.,0.,0.));
#2128=DIRECTION('',(0.,0.,-1.));
#2129=DIRECTION('',(-1.,0.,0.));
#2130=DIRECTION('',(0.,0.,1.));
#2131=DIRECTION('',(1.,0.,0.));
#2132=DIRECTION('',(0.,0.,1.));
#2133=DIRECTION('',(-1.,0.,0.));
#2134=DIRECTION('',(-2.12849506254823E-15,0.,-1.));
#2135=DIRECTION('',(0.,0.,-1.));
#2136=DIRECTION('',(-1.,0.,0.));
#2137=DIRECTION('',(0.,-1.,0.));
#2138=DIRECTION('',(0.,-1.,0.));
#2139=DIRECTION('',(1.,0.,0.));
#2140=DIRECTION('',(0.,-1.,0.));
#2141=DIRECTION('',(0.,0.,1.));
#2142=DIRECTION('',(1.,0.,0.));
#2143=DIRECTION('',(0.,1.,0.));
#2144=DIRECTION('',(0.,-1.,0.));
#2145=DIRECTION('',(-1.,0.,0.));
#2146=DIRECTION('',(0.,-1.,0.));
#2147=DIRECTION('',(0.,-1.,0.));
#2148=DIRECTION('',(0.,0.,-1.));
#2149=DIRECTION('',(0.,-1.,0.));
#2150=DIRECTION('',(0.,0.,-1.));
#2151=DIRECTION('',(0.,-1.,0.));
#2152=DIRECTION('',(0.,0.,-1.));
#2153=DIRECTION('',(0.,0.,1.));
#2154=DIRECTION('',(-1.,0.,0.));
#2155=DIRECTION('',(0.,0.,1.));
#2156=DIRECTION('',(-1.,0.,0.));
#2157=DIRECTION('',(0.,0.,1.));
#2158=DIRECTION('',(-1.,0.,1.67606132944619E-16));
#2159=DIRECTION('',(0.,0.,-1.));
#2160=DIRECTION('',(1.,0.,0.));
#2161=DIRECTION('',(0.,0.,-1.));
#2162=DIRECTION('',(-1.,0.,0.));
#2163=DIRECTION('',(0.,-1.,0.));
#2164=DIRECTION('',(0.,-1.,0.));
#2165=DIRECTION('',(0.,0.,1.));
#2166=DIRECTION('',(1.,0.,0.));
#2167=DIRECTION('',(0.,1.,0.));
#2168=DIRECTION('',(-1.,0.,0.));
#2169=DIRECTION('',(0.,1.,0.));
#2170=DIRECTION('',(0.,1.,0.));
#2171=DIRECTION('',(0.,0.,1.));
#2172=DIRECTION('',(0.,0.,-1.));
#2173=DIRECTION('',(-1.,0.,0.));
#2174=DIRECTION('',(0.,0.,-1.));
#2175=DIRECTION('',(0.,0.,1.));
#2176=DIRECTION('',(1.,0.,0.));
#2177=DIRECTION('',(0.,1.,0.));
#2178=DIRECTION('',(0.,1.,0.));
#2179=DIRECTION('',(1.,0.,0.));
#2180=DIRECTION('',(0.,0.,-1.));
#2181=DIRECTION('',(1.,0.,0.));
#2182=DIRECTION('',(0.,0.,-1.));
#2183=DIRECTION('',(1.,0.,0.));
#2184=DIRECTION('',(0.,0.,-1.));
#2185=DIRECTION('',(0.,-1.,0.));
#2186=DIRECTION('',(0.,0.,1.));
#2187=DIRECTION('',(0.,-1.,0.));
#2188=DIRECTION('',(0.,0.,1.));
#2189=DIRECTION('',(0.,-1.,0.));
#2190=DIRECTION('',(0.,-1.,0.));
#2191=DIRECTION('',(0.,0.,1.));
#2192=DIRECTION('',(0.,-1.,0.));
#2193=DIRECTION('',(0.,0.,1.));
#2194=DIRECTION('',(0.,-1.,0.));
#2195=DIRECTION('',(0.,0.,-1.));
#2196=DIRECTION('',(-1.,0.,0.));
#2197=DIRECTION('',(0.,-1.,0.));
#2198=DIRECTION('',(1.,0.,0.));
#2199=DIRECTION('',(-1.,0.,0.));
#2200=DIRECTION('',(0.,0.,1.));
#2201=DIRECTION('',(0.,-1.,0.));
#2202=DIRECTION('',(0.,0.,-1.));
#2203=DIRECTION('',(0.,-1.,0.));
#2204=DIRECTION('',(0.,0.,-1.));
#2205=DIRECTION('',(0.,-1.,0.));
#2206=DIRECTION('',(0.,-1.,0.));
#2207=DIRECTION('',(0.,-1.,0.));
#2208=DIRECTION('',(0.,-1.,0.));
#2209=DIRECTION('',(0.,0.,-1.));
#2210=DIRECTION('',(0.,-1.,0.));
#2211=DIRECTION('',(0.,0.,-1.));
#2212=DIRECTION('',(1.67606132944619E-16,0.,1.));
#2213=DIRECTION('',(1.,0.,-1.67606132944619E-16));
#2214=DIRECTION('',(-1.,0.,1.67606132944619E-16));
#2215=DIRECTION('',(0.,1.,0.));
#2216=DIRECTION('',(0.,0.,1.));
#2217=DIRECTION('',(-1.,0.,-8.38030664723095E-17));
#2218=DIRECTION('',(0.,-1.,0.));
#2219=DIRECTION('',(0.,0.,-1.));
#2220=DIRECTION('',(0.,1.,0.));
#2221=DIRECTION('',(1.,0.,0.));
#2222=DIRECTION('',(0.,1.,0.));
#2223=DIRECTION('',(0.,0.,1.));
#2224=DIRECTION('',(0.,-1.,0.));
#2225=DIRECTION('',(0.,0.,-1.));
#2226=DIRECTION('',(0.,1.,0.));
#2227=DIRECTION('',(1.,0.,0.));
#2228=DIRECTION('',(0.,1.,0.));
#2229=DIRECTION('',(0.,0.,1.));
#2230=DIRECTION('',(0.,1.,0.));
#2231=DIRECTION('',(0.,0.,1.));
#2232=DIRECTION('',(1.,0.,0.));
#2233=DIRECTION('',(0.,0.,-1.));
#2234=DIRECTION('',(-1.,0.,0.));
#2235=DIRECTION('',(1.,0.,0.));
#2236=DIRECTION('',(-8.38030664723095E-17,0.,1.));
#2237=DIRECTION('',(1.,0.,8.38030664723095E-17));
#2238=DIRECTION('',(-1.,0.,-8.38030664723095E-17));
#2239=DIRECTION('',(0.,1.,0.));
#2240=DIRECTION('',(0.,0.,1.));
#2241=DIRECTION('',(1.,0.,0.));
#2242=DIRECTION('',(0.,1.,0.));
#2243=DIRECTION('',(0.,0.,1.));
#2244=DIRECTION('',(-1.,0.,8.38030664723095E-17));
#2245=DIRECTION('',(0.,0.,-1.));
#2246=DIRECTION('',(-1.,0.,0.));
#2247=DIRECTION('',(8.38030664723095E-17,0.,1.));
#2248=DIRECTION('',(1.,0.,-8.38030664723095E-17));
#2249=DIRECTION('',(1.,0.,0.));
#2250=DIRECTION('',(0.,0.,-1.));
#2251=DIRECTION('',(0.,0.,1.));
#2252=DIRECTION('',(-1.,0.,0.));
#2253=DIRECTION('',(0.,0.,1.));
#2254=DIRECTION('',(0.,0.,-1.));
#2255=DIRECTION('',(0.,1.,0.));
#2256=DIRECTION('',(0.,0.,1.));
#2257=DIRECTION('',(1.,0.,4.72033598905254E-15));
#2258=DIRECTION('',(4.72033598905254E-15,0.,-1.));
#2259=DIRECTION('',(-4.72033598905254E-15,0.,1.));
#2260=DIRECTION('',(-1.,0.,0.));
#2261=DIRECTION('',(0.,0.,1.));
#2262=DIRECTION('',(0.,0.,-1.));
#2263=DIRECTION('',(0.,1.,0.));
#2264=DIRECTION('',(0.,0.,1.));
#2265=DIRECTION('',(1.,0.,4.72033598905254E-15));
#2266=DIRECTION('',(4.72033598905254E-15,0.,-1.));
#2267=DIRECTION('',(-4.72033598905254E-15,0.,1.));
#2268=DIRECTION('',(-1.,0.,0.));
#2269=DIRECTION('',(0.,0.,1.));
#2270=DIRECTION('',(0.,0.,-1.));
#2271=DIRECTION('',(0.,1.,0.));
#2272=DIRECTION('',(0.,0.,1.));
#2273=DIRECTION('',(1.,0.,0.));
#2274=DIRECTION('',(0.,0.,-1.));
#2275=DIRECTION('',(0.,0.,1.));
#2276=DIRECTION('',(-1.,0.,2.12849506254823E-15));
#2277=DIRECTION('',(2.12849506254823E-15,0.,1.));
#2278=DIRECTION('',(-2.12849506254823E-15,0.,-1.));
#2279=DIRECTION('',(0.,1.,0.));
#2280=DIRECTION('',(0.,0.,1.));
#2281=DIRECTION('',(1.,0.,0.));
#2282=DIRECTION('',(0.,0.,-1.));
#2283=DIRECTION('',(0.,-1.,0.));
#2284=DIRECTION('',(1.,0.,0.));
#2285=DIRECTION('',(0.,0.,-1.));
#2286=DIRECTION('',(0.,-1.,0.));
#2287=DIRECTION('',(0.,0.,1.));
#2288=DIRECTION('',(1.,0.,0.));
#2289=DIRECTION('',(0.,-1.,0.));
#2290=DIRECTION('',(1.,0.,0.));
#2291=DIRECTION('',(0.,0.,-1.));
#2292=DIRECTION('',(0.,-1.,0.));
#2293=DIRECTION('',(0.,0.,-1.));
#2294=DIRECTION('',(-1.,0.,0.));
#2295=DIRECTION('',(0.,0.,-1.));
#2296=DIRECTION('',(-1.,0.,0.));
#2297=DIRECTION('',(0.,-1.,0.));
#2298=DIRECTION('',(0.,0.,-1.));
#2299=DIRECTION('',(0.,1.,0.));
#2300=DIRECTION('',(1.,0.,0.));
#2301=DIRECTION('',(0.,1.,0.));
#2302=DIRECTION('',(0.,0.,1.));
#2303=DIRECTION('',(-1.,0.,0.));
#2304=DIRECTION('',(0.,0.,1.));
#2305=DIRECTION('',(0.,0.,-1.));
#2306=DIRECTION('',(0.,1.,0.));
#2307=DIRECTION('',(0.,0.,1.));
#2308=DIRECTION('',(0.,0.,1.));
#2309=DIRECTION('',(1.,0.,0.));
#2310=DIRECTION('',(0.,0.,-1.));
#2311=DIRECTION('',(-1.,0.,0.));
#2312=DIRECTION('',(0.,0.,1.));
#2313=DIRECTION('',(0.,0.,-1.));
#2314=DIRECTION('',(0.,1.,0.));
#2315=DIRECTION('',(0.,0.,1.));
#2316=DIRECTION('',(0.,0.,1.));
#2317=DIRECTION('',(1.,0.,0.));
#2318=DIRECTION('',(0.,0.,-1.));
#2319=DIRECTION('',(1.,0.,0.));
#2320=DIRECTION('',(0.,0.,-1.));
#2321=DIRECTION('',(0.,0.,1.));
#2322=DIRECTION('',(0.,1.,0.));
#2323=DIRECTION('',(0.,0.,1.));
#2324=DIRECTION('',(0.,0.,-1.));
#2325=DIRECTION('',(-1.,0.,0.));
#2326=DIRECTION('',(0.,0.,1.));
#2327=DIRECTION('',(0.,0.,1.));
#2328=DIRECTION('',(1.,0.,0.));
#2329=DIRECTION('',(0.,-1.,0.));
#2330=DIRECTION('',(0.,-1.,0.));
#2331=DIRECTION('',(-1.,0.,0.));
#2332=DIRECTION('',(1.,0.,0.));
#2333=DIRECTION('',(0.,0.,-1.));
#2334=DIRECTION('',(0.,-1.,0.));
#2335=DIRECTION('',(0.,0.,1.));
#2336=DIRECTION('',(0.,0.,-1.));
#2337=DIRECTION('',(-1.,0.,0.));
#2338=DIRECTION('',(0.,-1.,0.));
#2339=DIRECTION('',(1.,0.,0.));
#2340=DIRECTION('',(-1.,0.,0.));
#2341=DIRECTION('',(0.,0.,1.));
#2342=DIRECTION('',(0.,0.,-1.));
#2343=DIRECTION('',(0.,1.,0.));
#2344=DIRECTION('',(0.,0.,1.));
#2345=DIRECTION('',(-0.962875666154969,0.,-0.269945275058899));
#2346=DIRECTION('',(-0.269945275058899,0.,0.962875666154969));
#2347=DIRECTION('',(0.,-1.,0.));
#2348=DIRECTION('',(0.,-1.,0.));
#2349=DIRECTION('',(0.269945275058899,0.,-0.962875666154969));
#2350=DIRECTION('',(0.,-1.,0.));
#2351=DIRECTION('',(0.,0.,-1.));
#2352=DIRECTION('',(0.,-1.,0.));
#2353=DIRECTION('',(0.,1.,0.));
#2354=DIRECTION('',(1.,0.,0.));
#2355=DIRECTION('',(0.962875666154969,0.,-0.269945275058898));
#2356=DIRECTION('',(-0.269945275058898,0.,-0.962875666154969));
#2357=DIRECTION('',(0.,-1.,0.));
#2358=DIRECTION('',(0.269945275058898,0.,0.962875666154969));
#2359=DIRECTION('',(0.,-1.,0.));
#2360=DIRECTION('',(0.,0.,-1.));
#2361=DIRECTION('',(0.,1.,0.));
#2362=DIRECTION('',(1.,0.,0.));
#2363=DIRECTION('',(0.,1.,0.));
#2364=DIRECTION('',(0.,0.,1.));
#2365=CARTESIAN_POINT('',(0.,0.,0.));
#2366=CARTESIAN_POINT('',(50.8,-31.75,140.67));
#2367=CARTESIAN_POINT('',(6.35044181297383,-31.75,128.208424084432));
#2368=CARTESIAN_POINT('',(6.34470524239445,-31.75,128.22888602516));
#2369=CARTESIAN_POINT('',(5.08,-31.75,132.74));
#2370=CARTESIAN_POINT('',(1.30104260698261E-15,-31.75,122.94));
#2371=CARTESIAN_POINT('',(-6.34470524239446,-31.75,128.22888602516));
#2372=CARTESIAN_POINT('',(1.0531960621312,-31.75,154.616675717681));
#2373=CARTESIAN_POINT('',(-5.08,-31.75,132.74));
#2374=CARTESIAN_POINT('',(-4.33680868994202E-16,-31.75,132.74));
#2375=CARTESIAN_POINT('',(-50.8,-31.75,140.67));
#2376=CARTESIAN_POINT('',(-50.8,-31.75,140.67));
#2377=CARTESIAN_POINT('',(-50.8,-31.75,38.84));
#2378=CARTESIAN_POINT('',(50.8,-31.75,38.84));
#2379=CARTESIAN_POINT('',(50.8,-31.75,38.84));
#2380=CARTESIAN_POINT('',(50.8,-31.75,140.67));
#2381=CARTESIAN_POINT('',(50.8,-31.75,140.67));
#2382=CARTESIAN_POINT('',(50.8,-31.75,140.67));
#2383=CARTESIAN_POINT('',(50.8,-31.75,59.2));
#2384=CARTESIAN_POINT('',(-32.08,-31.75,59.2));
#2385=CARTESIAN_POINT('',(32.08,-31.75,59.2));
#2386=CARTESIAN_POINT('',(-32.08,-31.75,140.67));
#2387=CARTESIAN_POINT('',(-32.08,-31.75,92.09));
#2388=CARTESIAN_POINT('',(50.8,-31.75,92.09));
#2389=CARTESIAN_POINT('',(32.08,-31.75,92.09));
#2390=CARTESIAN_POINT('',(32.08,-31.75,140.67));
#2391=CARTESIAN_POINT('',(0.,14.32,0.));
#2392=CARTESIAN_POINT('',(10.54,14.32,27.09));
#2393=CARTESIAN_POINT('',(16.64,14.32,27.09));
#2394=CARTESIAN_POINT('',(18.16,14.32,74.19));
#2395=CARTESIAN_POINT('',(7.24,14.32,74.19));
#2396=CARTESIAN_POINT('',(5.46,14.32,74.19));
#2397=CARTESIAN_POINT('',(7.24,14.32,50.77));
#2398=CARTESIAN_POINT('',(7.24,14.32,67.4));
#2399=CARTESIAN_POINT('',(5.46,14.32,67.4));
#2400=CARTESIAN_POINT('',(5.46,14.32,67.4));
#2401=CARTESIAN_POINT('',(5.46000000000001,14.32,65.93));
#2402=CARTESIAN_POINT('',(5.46000000000001,14.32,65.93));
#2403=CARTESIAN_POINT('',(18.16,14.32,65.93));
#2404=CARTESIAN_POINT('',(7.24,14.32,65.93));
#2405=CARTESIAN_POINT('',(7.24,14.32,50.77));
#2406=CARTESIAN_POINT('',(7.24,14.32,59.15));
#2407=CARTESIAN_POINT('',(5.46,14.32,59.15));
#2408=CARTESIAN_POINT('',(5.46,14.32,59.15));
#2409=CARTESIAN_POINT('',(5.46000000000001,14.32,57.68));
#2410=CARTESIAN_POINT('',(5.46000000000001,14.32,57.68));
#2411=CARTESIAN_POINT('',(18.16,14.32,57.68));
#2412=CARTESIAN_POINT('',(7.24,14.32,57.68));
#2413=CARTESIAN_POINT('',(7.24,14.32,50.77));
#2414=CARTESIAN_POINT('',(7.24,14.32,50.77));
#2415=CARTESIAN_POINT('',(5.46,14.32,50.77));
#2416=CARTESIAN_POINT('',(5.46,14.32,50.77));
#2417=CARTESIAN_POINT('',(5.46,14.32,49.14));
#2418=CARTESIAN_POINT('',(5.46,14.32,49.14));
#2419=CARTESIAN_POINT('',(18.16,14.32,49.14));
#2420=CARTESIAN_POINT('',(10.15,14.32,49.14));
#2421=CARTESIAN_POINT('',(10.15,14.32,48.56));
#2422=CARTESIAN_POINT('',(10.15,14.32,48.56));
#2423=CARTESIAN_POINT('',(5.,14.32,48.56));
#2424=CARTESIAN_POINT('',(5.,14.32,48.56));
#2425=CARTESIAN_POINT('',(5.,14.32,37.));
#2426=CARTESIAN_POINT('',(5.,14.32,37.));
#2427=CARTESIAN_POINT('',(20.7,14.32,37.));
#2428=CARTESIAN_POINT('',(20.7,14.32,37.));
#2429=CARTESIAN_POINT('',(20.7,14.32,87.8));
#2430=CARTESIAN_POINT('',(20.7,14.32,20.74));
#2431=CARTESIAN_POINT('',(20.7,14.32,20.74));
#2432=CARTESIAN_POINT('',(-20.7,14.32,20.74));
#2433=CARTESIAN_POINT('',(-20.7,14.32,20.74));
#2434=CARTESIAN_POINT('',(-20.7,14.32,87.8));
#2435=CARTESIAN_POINT('',(-20.7,14.32,87.8));
#2436=CARTESIAN_POINT('',(20.7,14.32,87.8));
#2437=CARTESIAN_POINT('',(20.7,14.32,87.8));
#2438=CARTESIAN_POINT('',(20.7,14.32,77.1));
#2439=CARTESIAN_POINT('',(10.15,14.32,77.1));
#2440=CARTESIAN_POINT('',(10.15,14.32,77.1));
#2441=CARTESIAN_POINT('',(10.15,14.32,48.56));
#2442=CARTESIAN_POINT('',(10.15,14.32,75.82));
#2443=CARTESIAN_POINT('',(5.46,14.32,75.82));
#2444=CARTESIAN_POINT('',(5.46,14.32,75.82));
#2445=CARTESIAN_POINT('',(5.46,14.32,74.19));
#2446=CARTESIAN_POINT('',(18.16,20.67,74.19));
#2447=CARTESIAN_POINT('',(7.24,17.59,74.19));
#2448=CARTESIAN_POINT('',(7.24,17.59,74.19));
#2449=CARTESIAN_POINT('',(5.46,20.67,74.19));
#2450=CARTESIAN_POINT('',(5.46,20.67,74.19));
#2451=CARTESIAN_POINT('',(18.16,20.67,74.19));
#2452=CARTESIAN_POINT('',(18.16,20.67,74.19));
#2453=CARTESIAN_POINT('',(18.16,20.67,74.19));
#2454=CARTESIAN_POINT('',(18.16,17.37,74.19));
#2455=CARTESIAN_POINT('',(18.16,17.37,74.19));
#2456=CARTESIAN_POINT('',(16.38,17.37,74.19));
#2457=CARTESIAN_POINT('',(16.38,17.59,74.19));
#2458=CARTESIAN_POINT('',(16.38,17.59,74.19));
#2459=CARTESIAN_POINT('',(7.24,17.59,74.19));
#2460=CARTESIAN_POINT('',(5.46,20.67,67.4));
#2461=CARTESIAN_POINT('',(7.24,20.67,67.4));
#2462=CARTESIAN_POINT('',(7.24,17.59,67.4));
#2463=CARTESIAN_POINT('',(5.46,17.59,67.4));
#2464=CARTESIAN_POINT('',(16.38,17.59,67.4));
#2465=CARTESIAN_POINT('',(16.38,20.67,67.4));
#2466=CARTESIAN_POINT('',(16.38,17.37,67.4));
#2467=CARTESIAN_POINT('',(5.46,17.37,67.4));
#2468=CARTESIAN_POINT('',(18.16,17.37,67.4));
#2469=CARTESIAN_POINT('',(18.16,20.67,67.4));
#2470=CARTESIAN_POINT('',(18.16,20.67,67.4));
#2471=CARTESIAN_POINT('',(5.46,20.67,67.4));
#2472=CARTESIAN_POINT('',(5.46,20.67,67.4));
#2473=CARTESIAN_POINT('',(5.46,20.67,67.4));
#2474=CARTESIAN_POINT('',(18.16,20.67,65.93));
#2475=CARTESIAN_POINT('',(7.24,20.67,65.93));
#2476=CARTESIAN_POINT('',(7.24,17.59,65.93));
#2477=CARTESIAN_POINT('',(5.46000000000001,20.67,65.93));
#2478=CARTESIAN_POINT('',(5.46000000000001,20.67,65.93));
#2479=CARTESIAN_POINT('',(18.16,20.67,65.93));
#2480=CARTESIAN_POINT('',(18.16,20.67,65.93));
#2481=CARTESIAN_POINT('',(18.16,20.67,65.93));
#2482=CARTESIAN_POINT('',(18.16,17.37,65.93));
#2483=CARTESIAN_POINT('',(18.16,17.37,65.93));
#2484=CARTESIAN_POINT('',(16.38,17.37,65.93));
#2485=CARTESIAN_POINT('',(16.38,20.67,65.93));
#2486=CARTESIAN_POINT('',(16.38,17.59,65.93));
#2487=CARTESIAN_POINT('',(18.16,17.59,65.93));
#2488=CARTESIAN_POINT('',(5.46,20.67,59.15));
#2489=CARTESIAN_POINT('',(7.24,20.67,59.15));
#2490=CARTESIAN_POINT('',(7.24,17.59,59.15));
#2491=CARTESIAN_POINT('',(5.46,17.59,59.15));
#2492=CARTESIAN_POINT('',(16.38,17.59,59.15));
#2493=CARTESIAN_POINT('',(16.38,20.67,59.15));
#2494=CARTESIAN_POINT('',(16.38,17.37,59.15));
#2495=CARTESIAN_POINT('',(5.46,17.37,59.15));
#2496=CARTESIAN_POINT('',(18.16,17.37,59.15));
#2497=CARTESIAN_POINT('',(18.16,20.67,59.15));
#2498=CARTESIAN_POINT('',(18.16,20.67,59.15));
#2499=CARTESIAN_POINT('',(5.46,20.67,59.15));
#2500=CARTESIAN_POINT('',(5.46,20.67,59.15));
#2501=CARTESIAN_POINT('',(5.46,20.67,59.15));
#2502=CARTESIAN_POINT('',(18.16,20.67,57.68));
#2503=CARTESIAN_POINT('',(7.24,20.67,57.68));
#2504=CARTESIAN_POINT('',(7.24,17.59,57.68));
#2505=CARTESIAN_POINT('',(5.46000000000001,20.67,57.68));
#2506=CARTESIAN_POINT('',(5.46000000000001,20.67,57.68));
#2507=CARTESIAN_POINT('',(18.16,20.67,57.68));
#2508=CARTESIAN_POINT('',(18.16,20.67,57.68));
#2509=CARTESIAN_POINT('',(18.16,20.67,57.68));
#2510=CARTESIAN_POINT('',(18.16,17.37,57.68));
#2511=CARTESIAN_POINT('',(18.16,17.37,57.68));
#2512=CARTESIAN_POINT('',(16.38,17.37,57.68));
#2513=CARTESIAN_POINT('',(16.38,20.67,57.68));
#2514=CARTESIAN_POINT('',(16.38,17.59,57.68));
#2515=CARTESIAN_POINT('',(18.16,17.59,57.68));
#2516=CARTESIAN_POINT('',(5.46,20.67,50.77));
#2517=CARTESIAN_POINT('',(7.24,17.59,50.77));
#2518=CARTESIAN_POINT('',(7.24,17.59,50.77));
#2519=CARTESIAN_POINT('',(16.38,17.59,50.77));
#2520=CARTESIAN_POINT('',(16.38,17.59,50.77));
#2521=CARTESIAN_POINT('',(16.38,17.59,50.77));
#2522=CARTESIAN_POINT('',(16.38,17.37,50.77));
#2523=CARTESIAN_POINT('',(5.46,17.37,50.77));
#2524=CARTESIAN_POINT('',(18.16,17.37,50.77));
#2525=CARTESIAN_POINT('',(18.16,20.67,50.77));
#2526=CARTESIAN_POINT('',(18.16,20.67,50.77));
#2527=CARTESIAN_POINT('',(5.46,20.67,50.77));
#2528=CARTESIAN_POINT('',(5.46,20.67,50.77));
#2529=CARTESIAN_POINT('',(5.46,20.67,50.77));
#2530=CARTESIAN_POINT('',(0.,17.37,0.));
#2531=CARTESIAN_POINT('',(16.38,17.37,0.));
#2532=CARTESIAN_POINT('',(18.16,17.37,59.15));
#2533=CARTESIAN_POINT('',(16.38,17.37,0.));
#2534=CARTESIAN_POINT('',(18.16,17.37,67.4));
#2535=CARTESIAN_POINT('',(16.38,17.37,0.));
#2536=CARTESIAN_POINT('',(18.16,17.37,75.82));
#2537=CARTESIAN_POINT('',(18.16,17.37,75.82));
#2538=CARTESIAN_POINT('',(5.46,17.37,75.82));
#2539=CARTESIAN_POINT('',(10.15,17.37,75.82));
#2540=CARTESIAN_POINT('',(10.15,17.37,48.56));
#2541=CARTESIAN_POINT('',(10.15,17.37,77.1));
#2542=CARTESIAN_POINT('',(10.15,17.37,77.1));
#2543=CARTESIAN_POINT('',(20.7,17.37,77.1));
#2544=CARTESIAN_POINT('',(20.7,17.37,77.1));
#2545=CARTESIAN_POINT('',(20.7,17.37,37.));
#2546=CARTESIAN_POINT('',(20.7,17.37,37.));
#2547=CARTESIAN_POINT('',(5.,17.37,37.));
#2548=CARTESIAN_POINT('',(5.,17.37,37.));
#2549=CARTESIAN_POINT('',(5.,17.37,48.56));
#2550=CARTESIAN_POINT('',(5.,17.37,48.56));
#2551=CARTESIAN_POINT('',(10.15,17.37,48.56));
#2552=CARTESIAN_POINT('',(10.15,17.37,48.56));
#2553=CARTESIAN_POINT('',(10.15,17.37,49.14));
#2554=CARTESIAN_POINT('',(18.16,17.37,49.14));
#2555=CARTESIAN_POINT('',(18.16,17.37,49.14));
#2556=CARTESIAN_POINT('',(18.16,17.37,50.77));
#2557=CARTESIAN_POINT('',(5.46,20.67,75.82));
#2558=CARTESIAN_POINT('',(10.15,20.67,75.82));
#2559=CARTESIAN_POINT('',(18.16,20.67,75.82));
#2560=CARTESIAN_POINT('',(18.16,20.67,75.82));
#2561=CARTESIAN_POINT('',(5.46,20.67,75.82));
#2562=CARTESIAN_POINT('',(5.46,20.67,75.82));
#2563=CARTESIAN_POINT('',(5.46,20.67,75.82));
#2564=CARTESIAN_POINT('',(18.16,20.67,49.14));
#2565=CARTESIAN_POINT('',(10.15,20.67,49.14));
#2566=CARTESIAN_POINT('',(5.46,20.67,49.14));
#2567=CARTESIAN_POINT('',(5.46,20.67,49.14));
#2568=CARTESIAN_POINT('',(18.16,20.67,49.14));
#2569=CARTESIAN_POINT('',(18.16,20.67,49.14));
#2570=CARTESIAN_POINT('',(18.16,20.67,49.14));
#2571=CARTESIAN_POINT('',(50.8,0.,0.));
#2572=CARTESIAN_POINT('',(0.,0.,12.71));
#2573=CARTESIAN_POINT('',(0.,0.,10.46));
#2574=CARTESIAN_POINT('',(0.,0.,96.04));
#2575=CARTESIAN_POINT('',(0.,0.,93.79));
#2576=CARTESIAN_POINT('',(-50.8,0.,0.));
#2577=CARTESIAN_POINT('',(-50.8,0.,0.));
#2578=CARTESIAN_POINT('',(-50.8,0.,140.67));
#2579=CARTESIAN_POINT('',(50.8,0.,140.67));
#2580=CARTESIAN_POINT('',(50.8,0.,140.67));
#2581=CARTESIAN_POINT('',(50.8,0.,0.));
#2582=CARTESIAN_POINT('',(50.8,0.,0.));
#2583=CARTESIAN_POINT('',(50.8,0.,0.));
#2584=CARTESIAN_POINT('',(-20.7,0.,20.82));
#2585=CARTESIAN_POINT('',(-20.7,0.,20.82));
#2586=CARTESIAN_POINT('',(-20.7,0.,87.88));
#2587=CARTESIAN_POINT('',(20.7,0.,20.82));
#2588=CARTESIAN_POINT('',(20.7,0.,20.82));
#2589=CARTESIAN_POINT('',(20.7,0.,87.88));
#2590=CARTESIAN_POINT('',(20.7,0.,87.88));
#2591=CARTESIAN_POINT('',(-20.7,0.,87.88));
#2592=CARTESIAN_POINT('',(50.8,0.,140.67));
#2593=CARTESIAN_POINT('',(-50.8,0.,140.67));
#2594=CARTESIAN_POINT('',(50.8,0.,140.67));
#2595=CARTESIAN_POINT('',(50.8,-31.75,38.84));
#2596=CARTESIAN_POINT('',(-50.8,-31.75,38.84));
#2597=CARTESIAN_POINT('',(-50.8,-19.,38.84));
#2598=CARTESIAN_POINT('',(50.8,-19.,38.84));
#2599=CARTESIAN_POINT('',(50.8,-19.,38.84));
#2600=CARTESIAN_POINT('',(50.8,-31.75,38.84));
#2601=CARTESIAN_POINT('',(50.8,-19.,38.84));
#2602=CARTESIAN_POINT('',(-50.8,-19.,38.84));
#2603=CARTESIAN_POINT('',(-50.8,-19.,0.));
#2604=CARTESIAN_POINT('',(50.8,-19.,0.));
#2605=CARTESIAN_POINT('',(50.8,-19.,0.));
#2606=CARTESIAN_POINT('',(50.8,-19.,38.84));
#2607=CARTESIAN_POINT('',(50.8,-19.,0.));
#2608=CARTESIAN_POINT('',(-50.8,-19.,0.));
#2609=CARTESIAN_POINT('',(50.8,-19.,0.));
#2610=CARTESIAN_POINT('',(50.8,0.,0.));
#2611=CARTESIAN_POINT('',(-50.8,0.,0.));
#2612=CARTESIAN_POINT('',(-20.7,6.4,20.82));
#2613=CARTESIAN_POINT('',(-20.7,6.4,87.88));
#2614=CARTESIAN_POINT('',(-20.7,6.4,87.88));
#2615=CARTESIAN_POINT('',(-20.7,6.4,20.95));
#2616=CARTESIAN_POINT('',(-20.7,6.4,88.01));
#2617=CARTESIAN_POINT('',(-20.7,7.97,88.01));
#2618=CARTESIAN_POINT('',(-20.7,7.97,88.01));
#2619=CARTESIAN_POINT('',(-20.7,7.97,20.95));
#2620=CARTESIAN_POINT('',(-20.7,7.97,87.8));
#2621=CARTESIAN_POINT('',(-20.7,14.32,87.8));
#2622=CARTESIAN_POINT('',(-20.7,14.32,20.74));
#2623=CARTESIAN_POINT('',(-20.7,7.97,20.74));
#2624=CARTESIAN_POINT('',(-20.7,7.97,20.74));
#2625=CARTESIAN_POINT('',(-20.7,7.97,20.95));
#2626=CARTESIAN_POINT('',(-20.7,7.97,20.95));
#2627=CARTESIAN_POINT('',(-20.7,6.4,20.95));
#2628=CARTESIAN_POINT('',(-20.7,6.4,20.82));
#2629=CARTESIAN_POINT('',(-20.7,6.4,20.82));
#2630=CARTESIAN_POINT('',(-20.7,6.4,20.82));
#2631=CARTESIAN_POINT('',(-20.7,6.4,87.88));
#2632=CARTESIAN_POINT('',(20.7,6.4,87.88));
#2633=CARTESIAN_POINT('',(20.7,6.4,87.88));
#2634=CARTESIAN_POINT('',(-20.7,6.4,87.88));
#2635=CARTESIAN_POINT('',(20.7,6.4,87.88));
#2636=CARTESIAN_POINT('',(20.7,6.4,20.82));
#2637=CARTESIAN_POINT('',(20.7,6.4,20.82));
#2638=CARTESIAN_POINT('',(20.7,6.4,87.88));
#2639=CARTESIAN_POINT('',(20.7,6.4,20.95));
#2640=CARTESIAN_POINT('',(20.7,7.97,20.95));
#2641=CARTESIAN_POINT('',(20.7,7.97,20.95));
#2642=CARTESIAN_POINT('',(20.7,7.97,87.8));
#2643=CARTESIAN_POINT('',(20.7,7.97,20.74));
#2644=CARTESIAN_POINT('',(20.7,14.32,20.74));
#2645=CARTESIAN_POINT('',(20.7,17.37,37.));
#2646=CARTESIAN_POINT('',(20.7,17.37,77.1));
#2647=CARTESIAN_POINT('',(20.7,14.32,87.8));
#2648=CARTESIAN_POINT('',(20.7,7.97,87.8));
#2649=CARTESIAN_POINT('',(20.7,7.97,88.01));
#2650=CARTESIAN_POINT('',(20.7,7.97,88.01));
#2651=CARTESIAN_POINT('',(20.7,7.97,88.01));
#2652=CARTESIAN_POINT('',(20.7,6.4,88.01));
#2653=CARTESIAN_POINT('',(20.7,6.4,88.01));
#2654=CARTESIAN_POINT('',(20.7,6.4,20.82));
#2655=CARTESIAN_POINT('',(20.7,6.4,20.82));
#2656=CARTESIAN_POINT('',(0.,6.4,0.));
#2657=CARTESIAN_POINT('',(20.7,6.4,20.95));
#2658=CARTESIAN_POINT('',(0.,8.89,96.04));
#2659=CARTESIAN_POINT('',(0.,8.89,96.04));
#2660=CARTESIAN_POINT('',(2.25,8.89,96.04));
#2661=CARTESIAN_POINT('',(0.,8.89,96.04));
#2662=CARTESIAN_POINT('',(0.,8.89,12.71));
#2663=CARTESIAN_POINT('',(0.,8.89,12.71));
#2664=CARTESIAN_POINT('',(2.25,8.89,12.71));
#2665=CARTESIAN_POINT('',(0.,8.89,12.71));
#2666=CARTESIAN_POINT('',(0.,6.4,0.));
#2667=CARTESIAN_POINT('',(-20.7,6.4,88.01));
#2668=CARTESIAN_POINT('',(-20.7,7.97,88.01));
#2669=CARTESIAN_POINT('',(-20.7,7.97,88.01));
#2670=CARTESIAN_POINT('',(20.7,7.97,20.95));
#2671=CARTESIAN_POINT('',(20.7,7.97,20.95));
#2672=CARTESIAN_POINT('',(0.,7.97,0.));
#2673=CARTESIAN_POINT('',(-20.7,7.97,87.8));
#2674=CARTESIAN_POINT('',(0.,7.97,0.));
#2675=CARTESIAN_POINT('',(20.7,7.97,20.74));
#2676=CARTESIAN_POINT('',(-20.7,14.32,87.8));
#2677=CARTESIAN_POINT('',(20.7,14.32,20.74));
#2678=CARTESIAN_POINT('',(5.46,20.67,74.19));
#2679=CARTESIAN_POINT('',(5.46,20.67,74.19));
#2680=CARTESIAN_POINT('',(18.16,20.67,75.82));
#2681=CARTESIAN_POINT('',(18.16,20.67,75.82));
#2682=CARTESIAN_POINT('',(0.,20.67,0.));
#2683=CARTESIAN_POINT('',(5.46000000000001,20.67,65.93));
#2684=CARTESIAN_POINT('',(5.46000000000001,20.67,65.93));
#2685=CARTESIAN_POINT('',(18.16,20.67,67.4));
#2686=CARTESIAN_POINT('',(18.16,20.67,67.4));
#2687=CARTESIAN_POINT('',(0.,20.67,0.));
#2688=CARTESIAN_POINT('',(5.46000000000001,20.67,57.68));
#2689=CARTESIAN_POINT('',(5.46000000000001,20.67,57.68));
#2690=CARTESIAN_POINT('',(18.16,20.67,59.15));
#2691=CARTESIAN_POINT('',(18.16,20.67,59.15));
#2692=CARTESIAN_POINT('',(0.,20.67,0.));
#2693=CARTESIAN_POINT('',(5.46,20.67,49.14));
#2694=CARTESIAN_POINT('',(5.46,20.67,49.14));
#2695=CARTESIAN_POINT('',(18.16,20.67,50.77));
#2696=CARTESIAN_POINT('',(18.16,20.67,50.77));
#2697=CARTESIAN_POINT('',(0.,20.67,0.));
#2698=CARTESIAN_POINT('',(10.15,17.37,48.56));
#2699=CARTESIAN_POINT('',(10.15,17.37,77.1));
#2700=CARTESIAN_POINT('',(10.15,17.37,48.56));
#2701=CARTESIAN_POINT('',(10.15,17.37,48.56));
#2702=CARTESIAN_POINT('',(20.7,17.37,37.));
#2703=CARTESIAN_POINT('',(5.,17.37,37.));
#2704=CARTESIAN_POINT('',(5.,17.37,37.));
#2705=CARTESIAN_POINT('',(5.,17.37,48.56));
#2706=CARTESIAN_POINT('',(5.,17.37,48.56));
#2707=CARTESIAN_POINT('',(10.15,17.37,77.1));
#2708=CARTESIAN_POINT('',(10.54,20.42,27.09));
#2709=CARTESIAN_POINT('',(10.54,20.42,27.09));
#2710=CARTESIAN_POINT('',(16.64,20.42,27.09));
#2711=CARTESIAN_POINT('',(10.54,20.42,27.09));
#2712=CARTESIAN_POINT('',(16.38,17.59,74.19));
#2713=CARTESIAN_POINT('',(16.38,17.59,74.19));
#2714=CARTESIAN_POINT('',(0.,17.59,0.));
#2715=CARTESIAN_POINT('',(7.24,17.59,50.77));
#2716=CARTESIAN_POINT('',(7.24,17.59,50.77));
#2717=CARTESIAN_POINT('',(16.38,17.59,74.19));
#2718=CARTESIAN_POINT('',(16.38,17.59,74.19));
#2719=CARTESIAN_POINT('',(0.,17.59,0.));
#2720=CARTESIAN_POINT('',(7.24,17.59,50.77));
#2721=CARTESIAN_POINT('',(7.24,17.59,50.77));
#2722=CARTESIAN_POINT('',(7.24,17.59,50.77));
#2723=CARTESIAN_POINT('',(7.24,17.59,50.77));
#2724=CARTESIAN_POINT('',(0.,17.59,0.));
#2725=CARTESIAN_POINT('',(16.38,17.59,74.19));
#2726=CARTESIAN_POINT('',(16.38,17.59,74.19));
#2727=CARTESIAN_POINT('',(32.08,-30.75,59.2));
#2728=CARTESIAN_POINT('',(-32.08,-30.75,59.2));
#2729=CARTESIAN_POINT('',(-32.08,-32.25,59.2));
#2730=CARTESIAN_POINT('',(32.08,-30.75,59.2));
#2731=CARTESIAN_POINT('',(32.08,-32.25,59.2));
#2732=CARTESIAN_POINT('',(32.08,-32.25,59.2));
#2733=CARTESIAN_POINT('',(-32.08,-30.75,59.2));
#2734=CARTESIAN_POINT('',(-32.08,-30.75,92.09));
#2735=CARTESIAN_POINT('',(-32.08,-32.25,92.09));
#2736=CARTESIAN_POINT('',(-32.08,-32.25,59.2));
#2737=CARTESIAN_POINT('',(-32.08,-30.75,92.09));
#2738=CARTESIAN_POINT('',(32.08,-30.75,92.09));
#2739=CARTESIAN_POINT('',(32.08,-32.25,92.09));
#2740=CARTESIAN_POINT('',(-32.08,-32.25,92.09));
#2741=CARTESIAN_POINT('',(32.08,-30.75,92.09));
#2742=CARTESIAN_POINT('',(32.08,-32.25,92.09));
#2743=CARTESIAN_POINT('',(0.,-32.25,0.));
#2744=CARTESIAN_POINT('',(5.08,-30.75,132.74));
#2745=CARTESIAN_POINT('',(6.34470524239445,-30.75,128.22888602516));
#2746=CARTESIAN_POINT('',(6.34470524239445,-32.25,128.22888602516));
#2747=CARTESIAN_POINT('',(5.08,-30.75,132.74));
#2748=CARTESIAN_POINT('',(5.08,-32.25,132.74));
#2749=CARTESIAN_POINT('',(5.08,-32.25,132.74));
#2750=CARTESIAN_POINT('',(1.30104260698261E-15,-30.75,122.94));
#2751=CARTESIAN_POINT('',(-6.34470524239444,-30.75,128.22888602516));
#2752=CARTESIAN_POINT('',(-6.34470524239444,-32.25,128.22888602516));
#2753=CARTESIAN_POINT('',(1.30104260698261E-15,-32.25,122.94));
#2754=CARTESIAN_POINT('',(-6.34470524239445,-30.75,128.22888602516));
#2755=CARTESIAN_POINT('',(-5.08,-30.75,132.74));
#2756=CARTESIAN_POINT('',(-5.08,-32.25,132.74));
#2757=CARTESIAN_POINT('',(-6.34470524239445,-32.25,128.22888602516));
#2758=CARTESIAN_POINT('',(-4.33680868994202E-16,-30.75,132.74));
#2759=CARTESIAN_POINT('',(-4.33680868994202E-16,-32.25,132.74));
#2760=CARTESIAN_POINT('',(1.30104260698261E-15,-32.25,122.94));
#2761=MECHANICAL_DESIGN_GEOMETRIC_PRESENTATION_REPRESENTATION('',(#1337,
#1338,#1339,#1340,#1341,#1342,#1343,#1344,#1345,#1346,#1347,#1348,#1349,
#1350,#1351,#1352,#1353,#1354,#1355,#1356,#1357,#1358,#1359,#1360,#1361,
#1362,#1363,#1364,#1365,#1366,#1367,#1368,#1369,#1370,#1371,#1372,#1373,
#1374,#1375,#1376,#1377,#1378,#1379,#1380,#1381,#1382,#1383,#1384,#1385,
#1386,#1387,#1388,#1389,#1390,#1391,#1392,#1393,#1394,#1395,#1396,#1397,
#1398,#1399,#1400,#1401,#1402,#1403,#1404,#1405,#1406,#1407,#1408,#1409),
#2762);
#2762=(
GEOMETRIC_REPRESENTATION_CONTEXT(3)
GLOBAL_UNCERTAINTY_ASSIGNED_CONTEXT((#2763))
GLOBAL_UNIT_ASSIGNED_CONTEXT((#2766,#2765,#2764))
REPRESENTATION_CONTEXT('S54321-F12-A1 (200)','TOP_LEVEL_ASSEMBLY_PART')
);
#2763=UNCERTAINTY_MEASURE_WITH_UNIT(LENGTH_MEASURE(1.E-5),#2766,
'DISTANCE_ACCURACY_VALUE','Maximum Tolerance applied to model');
#2764=(
NAMED_UNIT(*)
SI_UNIT($,.STERADIAN.)
SOLID_ANGLE_UNIT()
);
#2765=(
NAMED_UNIT(*)
PLANE_ANGLE_UNIT()
SI_UNIT($,.RADIAN.)
);
#2766=(
LENGTH_UNIT()
NAMED_UNIT(*)
SI_UNIT(.MILLI.,.METRE.)
);
#2767=PRODUCT_DEFINITION_SHAPE('','',#2768);
#2768=PRODUCT_DEFINITION('','',#2770,#2769);
#2769=PRODUCT_DEFINITION_CONTEXT('',#2776,'design');
#2770=PRODUCT_DEFINITION_FORMATION_WITH_SPECIFIED_SOURCE('','',#2772,
 .NOT_KNOWN.);
#2771=PRODUCT_RELATED_PRODUCT_CATEGORY('','',(#2772));
#2772=PRODUCT('S54321-F12-A1 (200)','S54321-F12-A1 (200)',
'S54321-F12-A1 (200)',(#2774));
#2773=PRODUCT_CATEGORY('','');
#2774=PRODUCT_CONTEXT('',#2776,'mechanical');
#2775=APPLICATION_PROTOCOL_DEFINITION('international standard',
'automotive_design',2010,#2776);
#2776=APPLICATION_CONTEXT(
'core data for automotive mechanical design processes');
ENDSEC;
END-ISO-10303-21;
